method,stress,max_h,h,iou,boundary_f,jf,ops,vanish,hallucination,split,mce,uncertainty,confidence,uec,ece_iou50,n_rows,n_samples
convlstm,blur,5,all,0.6356391898955182,0.6904923553779174,0.6630657726367178,0.9530082691759338,0.0274308525805531,0.0023952095808383,0.275734245794126,0.0029698178666706,0.0,0.9917784930771152,,0.2326681853938313,17535,3507
convlstm,blur,5,1,0.7716211340293291,0.8936751243996761,0.8326481292145026,0.9843170801254634,0.0122611919019104,0.0008554319931565,0.3190761334473909,0.0029698178666706,0.0,0.996019191336761,,0.0975304245948791,3507,3507
convlstm,blur,5,2,0.6852065313122877,0.7795586519801851,0.7323825916462364,0.9703450242372398,0.0185343598517251,0.001710863986313,0.2951240376390077,0.0029698178666706,0.0,0.993671707781353,,0.1579147466132537,3507,3507
convlstm,blur,5,3,0.621446378686429,0.6768944450727897,0.6491704118796093,0.9500998003992016,0.0268035357855717,0.0022811519817507,0.2817222697462218,0.0029698178666706,0.0,0.9916407859389992,,0.2311617382782152,3507,3507
convlstm,blur,5,4,0.5709615382533076,0.5888129426056788,0.5798872404294934,0.9369831765041344,0.035642999714856,0.0031365839749073,0.2543484459652124,0.0029698178666706,0.0,0.9897933854212406,,0.3108655409422701,3507,3507
convlstm,blur,5,5,0.5289603671962375,0.5135206128312574,0.5212404900137474,0.92329626461363,0.0439121756487025,0.0039920159680638,0.2284003421727972,0.0029698178666706,0.0,0.9877673949072224,,0.3658684101205352,3507,3507
convlstm,clean,5,all,0.6352146203786231,0.6901424226649653,0.6626785215217942,0.9528942115768464,0.0275449101796407,0.0023952095808383,0.2751639577986883,0.0029405200879078,0.0,0.991907777665924,,0.2335958450990148,17535,3507
convlstm,clean,5,1,0.7713260972183207,0.8935225373768615,0.832424317297591,0.9846022241231822,0.0125463358996293,0.0008554319931565,0.3182207014542343,0.0029405200879078,0.0,0.996047754436604,,0.0972738862037658,3507,3507
convlstm,clean,5,2,0.6848333724621327,0.7791590047123265,0.7319961885872296,0.9703450242372398,0.0191046478471628,0.001710863986313,0.2902765896777873,0.0029405200879078,0.0,0.9937597822864273,,0.159143333034635,3507,3507
convlstm,clean,5,3,0.6210518127473258,0.6764639178918165,0.6487578653195714,0.9500998003992016,0.0268035357855717,0.0022811519817507,0.281437125748503,0.0029405200879078,0.0,0.9917774402520784,,0.2318687321693087,3507,3507
convlstm,clean,5,4,0.5704900999046278,0.5883988715617258,0.5794444857331769,0.9366980325064156,0.0353578557171371,0.0031365839749073,0.2560593099515255,0.0029405200879078,0.0,0.9899701095558756,,0.3136085673958479,3507,3507
convlstm,clean,5,5,0.5283717195607084,0.5131677817820959,0.5207697506714022,0.9227259766181922,0.0439121756487025,0.0039920159680638,0.2298260621613915,0.0029405200879078,0.0,0.9879838017986342,,0.3660847473967133,3507,3507
convlstm,frame_drop,5,all,0.6232815370052729,0.6724220921697255,0.6478518145874992,0.950499001996008,0.0296549757627601,0.0022811519817507,0.2834331337325349,0.0035309841452998,0.0,0.9908047101148896,,0.2504568141581565,17535,3507
convlstm,frame_drop,5,1,0.7571194483521819,0.8766383861873467,0.8168789172697644,0.9826062161391502,0.0128314798973481,0.0008554319931565,0.3230681494154548,0.0035309841452998,0.0,0.9957626633641384,,0.1052579283714294,3507,3507
convlstm,frame_drop,5,2,0.6711824189196054,0.7588239198774331,0.7150031693985193,0.9669232962646136,0.020530367835757,0.0014257199885942,0.3011120615911035,0.0035309841452998,0.0,0.9930417334248206,,0.176674495404148,3507,3507
convlstm,frame_drop,5,3,0.6088570502832958,0.6565854876751687,0.6327212689792323,0.9481037924151696,0.0310806957513544,0.0022811519817507,0.2922725976618192,0.0035309841452998,0.0,0.9906022265183814,,0.2560713106592666,3507,3507
convlstm,frame_drop,5,4,0.5598583883438815,0.5708537645033224,0.565356076423602,0.9338465925292272,0.0390647276874821,0.0031365839749073,0.2643284858853721,0.0035309841452998,0.0,0.9884315022451436,,0.3260420526165142,3507,3507
convlstm,frame_drop,5,5,0.5193903791274,0.4992089026053561,0.509299640866378,0.9210151126318792,0.0447676076418591,0.003706871970345,0.236384374108925,0.0035309841452998,0.0,0.9861854250219632,,0.3882385030376085,3507,3507
convlstm,occlusion,5,all,0.612083437542337,0.6541736112560755,0.6331285243992062,0.94856002281152,0.0278870829769033,0.0020530367835757,0.2676361562589107,0.0030312480824234,0.0,0.9911991066901406,,0.2534174455038189,17535,3507
convlstm,occlusion,5,1,0.7308676168628389,0.8422907295761601,0.7865791732194993,0.9786142001710864,0.0142571998859424,0.0008554319931565,0.3205018534359852,0.0030312480824234,0.0,0.9950711483081114,,0.1091287732124328,3507,3507
convlstm,occlusion,5,2,0.6575134403328544,0.7380087204273934,0.697761080380124,0.9640718562874252,0.0202452238380382,0.0014257199885942,0.2919874536641004,0.0030312480824234,0.0,0.993132711204668,,0.1787614401229127,3507,3507
convlstm,occlusion,5,3,0.6011811422571334,0.6411093216695698,0.6211452319633517,0.9481037924151696,0.0279441117764471,0.0019960079840319,0.2674650698602794,0.0030312480824234,0.0,0.9911883563984484,,0.2595087918488769,3507,3507
convlstm,occlusion,5,4,0.5549884766197338,0.55951387576142,0.557251176190577,0.932420872540633,0.0353578557171371,0.0025662959794696,0.2432278300541773,0.0030312480824234,0.0,0.9893104659039172,,0.3311980893749915,3507,3507
convlstm,occlusion,5,5,0.5158665116391247,0.4899454088458342,0.5029059602424795,0.9195893926432848,0.0416310236669518,0.0034217279726261,0.2149985742800114,0.0030312480824234,0.0,0.987292851635558,,0.388490431119072,3507,3507
copy_last,blur,5,all,0.5646566328699503,0.6887519516166893,0.6267042922433199,0.9219846022241232,0.0334188765326489,0.0051325919589392,0.4781864841745081,0.0,0.0,1.0,,0.3661819100379944,17535,3507
copy_last,blur,5,1,0.7252137853728934,0.8932243461124351,0.8092190657426642,0.9669232962646136,0.0145423438836612,0.0022811519817507,0.4781864841745081,0.0,0.0,1.0,,0.1340177059173584,3507,3507
copy_last,blur,5,2,0.6143932727315377,0.7606145497496986,0.6875039112406182,0.9455374964357,0.0245223838038209,0.003706871970345,0.4781864841745081,0.0,0.0,1.0,,0.2706016302108764,3507,3507
copy_last,blur,5,3,0.5425747018731429,0.6637367799055733,0.6031557408893582,0.9204448246364414,0.0339321357285429,0.0051325919589392,0.4781864841745081,0.0,0.0,1.0,,0.3977758884429931,3507,3507
copy_last,blur,5,4,0.4906277328865963,0.5909672286703824,0.5407974807784893,0.8990590248075278,0.0427715996578272,0.0065583119475335,0.4781864841745081,0.0,0.0,1.0,,0.4836041927337646,3507,3507
copy_last,blur,5,5,0.4504736714855806,0.5352168536453579,0.4928452625654692,0.8779583689763331,0.0513259195893926,0.0079840319361277,0.4781864841745081,0.0,0.0,1.0,,0.544910192489624,3507,3507
copy_last,clean,5,all,0.5646566328699503,0.6887519516166893,0.6267042922433199,0.9219846022241232,0.0334188765326489,0.0051325919589392,0.4781864841745081,0.0,0.0,1.0,,0.3661819100379944,17535,3507
copy_last,clean,5,1,0.7252137853728934,0.8932243461124351,0.8092190657426642,0.9669232962646136,0.0145423438836612,0.0022811519817507,0.4781864841745081,0.0,0.0,1.0,,0.1340177059173584,3507,3507
copy_last,clean,5,2,0.6143932727315377,0.7606145497496986,0.6875039112406182,0.9455374964357,0.0245223838038209,0.003706871970345,0.4781864841745081,0.0,0.0,1.0,,0.2706016302108764,3507,3507
copy_last,clean,5,3,0.5425747018731429,0.6637367799055733,0.6031557408893582,0.9204448246364414,0.0339321357285429,0.0051325919589392,0.4781864841745081,0.0,0.0,1.0,,0.3977758884429931,3507,3507
copy_last,clean,5,4,0.4906277328865963,0.5909672286703824,0.5407974807784893,0.8990590248075278,0.0427715996578272,0.0065583119475335,0.4781864841745081,0.0,0.0,1.0,,0.4836041927337646,3507,3507
copy_last,clean,5,5,0.4504736714855806,0.5352168536453579,0.4928452625654692,0.8779583689763331,0.0513259195893926,0.0079840319361277,0.4781864841745081,0.0,0.0,1.0,,0.544910192489624,3507,3507
copy_last,frame_drop,5,all,0.5646566328699503,0.6887519516166893,0.6267042922433199,0.9219846022241232,0.0334188765326489,0.0051325919589392,0.4781864841745081,0.0,0.0,1.0,,0.3661819100379944,17535,3507
copy_last,frame_drop,5,1,0.7252137853728934,0.8932243461124351,0.8092190657426642,0.9669232962646136,0.0145423438836612,0.0022811519817507,0.4781864841745081,0.0,0.0,1.0,,0.1340177059173584,3507,3507
copy_last,frame_drop,5,2,0.6143932727315377,0.7606145497496986,0.6875039112406182,0.9455374964357,0.0245223838038209,0.003706871970345,0.4781864841745081,0.0,0.0,1.0,,0.2706016302108764,3507,3507
copy_last,frame_drop,5,3,0.5425747018731429,0.6637367799055733,0.6031557408893582,0.9204448246364414,0.0339321357285429,0.0051325919589392,0.4781864841745081,0.0,0.0,1.0,,0.3977758884429931,3507,3507
copy_last,frame_drop,5,4,0.4906277328865963,0.5909672286703824,0.5407974807784893,0.8990590248075278,0.0427715996578272,0.0065583119475335,0.4781864841745081,0.0,0.0,1.0,,0.4836041927337646,3507,3507
copy_last,frame_drop,5,5,0.4504736714855806,0.5352168536453579,0.4928452625654692,0.8779583689763331,0.0513259195893926,0.0079840319361277,0.4781864841745081,0.0,0.0,1.0,,0.544910192489624,3507,3507
copy_last,occlusion,5,all,0.3964038965838373,0.6126716618140786,0.504537779198958,0.8986598232107215,0.037125748502994,0.0050755631593954,0.7986883376104933,0.0,0.0,1.0,,0.6620473265647888,17535,3507
copy_last,occlusion,5,1,0.5116211501588701,0.7881597945639628,0.6498904723614165,0.9583689763330482,0.0151126318790989,0.0019960079840319,0.7986883376104933,0.0,0.0,1.0,,0.3846592307090759,3507,3507
copy_last,occlusion,5,2,0.4311888841613532,0.674049543829942,0.5526192139956476,0.9252922725976618,0.0276589677787282,0.003706871970345,0.7986883376104933,0.0,0.0,1.0,,0.6019389629364014,3507,3507
copy_last,occlusion,5,3,0.3801151291051987,0.5909861212583131,0.4855506251817559,0.8944967208440262,0.0399201596806387,0.0051325919589392,0.7986883376104933,0.0,0.0,1.0,,0.7145708799362183,3507,3507
copy_last,occlusion,5,4,0.3435432481095467,0.529094740496828,0.4363189943031874,0.870544625035643,0.0461933276304533,0.0065583119475335,0.7986883376104933,0.0,0.0,1.0,,0.7838608622550964,3507,3507
copy_last,occlusion,5,5,0.3155510713842176,0.4810681089213481,0.3983095901527829,0.8445965212432278,0.0567436555460507,0.0079840319361277,0.7986883376104933,0.0,0.0,1.0,,0.8252067565917969,3507,3507
flow_warp,blur,5,all,0.6005990841369363,0.7365512521868002,0.6685751681618681,0.925235243798118,0.0298830909609352,0.0051325919589392,0.5372683205018535,0.0015987488462339,0.0,1.0,,0.3141716718673706,17535,3507
flow_warp,blur,5,1,0.768973898020248,0.9266194963079672,0.8477966971641077,0.9731964642144284,0.0099800399201596,0.0022811519817507,0.4913031080695751,0.0015987488462339,0.0,1.0,,0.1140576004981994,3507,3507
flow_warp,blur,5,2,0.6604136128534848,0.8227086922883455,0.7415611525709151,0.9463929284288566,0.0193897918448816,0.003706871970345,0.5078414599372684,0.0015987488462339,0.0,1.0,,0.2107214331626892,3507,3507
flow_warp,blur,5,3,0.5815260002343277,0.7239381122415827,0.6527320562379553,0.9241516966067864,0.0268035357855717,0.0051325919589392,0.5315084117479327,0.0015987488462339,0.0,1.0,,0.3216424584388733,3507,3507
flow_warp,blur,5,4,0.5208104244104039,0.6395526350286446,0.5801815297195243,0.9021956087824352,0.0399201596806387,0.0065583119475335,0.564870259481038,0.0015987488462339,0.0,1.0,,0.422868549823761,3507,3507
flow_warp,blur,5,5,0.4712714851662171,0.5699373250674603,0.5206044051168388,0.8802395209580839,0.0533219275734245,0.0079840319361277,0.590818363273453,0.0015987488462339,0.0,1.0,,0.5015683174133301,3507,3507
flow_warp,clean,5,all,0.6005106884085635,0.7360774618296548,0.6682940751191091,0.9255774165953806,0.0301112061591103,0.0051325919589392,0.5376675220986599,0.0015904295542703,0.0,1.0,,0.3141716718673706,17535,3507
flow_warp,clean,5,1,0.7687798102984172,0.9263587685713534,0.8475692894348853,0.9731964642144284,0.0105503279155973,0.0022811519817507,0.4893071000855432,0.0015904295542703,0.0,1.0,,0.1149130463600158,3507,3507
flow_warp,clean,5,2,0.660345481690713,0.8221840838444286,0.7412647827675708,0.9472483604220132,0.0199600798403193,0.003706871970345,0.5064157399486741,0.0015904295542703,0.0,1.0,,0.2095808386802673,3507,3507
flow_warp,clean,5,3,0.5814202710589168,0.7231362702506057,0.6522782706547612,0.9241516966067864,0.0265183917878528,0.0051325919589392,0.5332192757342458,0.0015904295542703,0.0,1.0,,0.3210721611976623,3507,3507
flow_warp,clean,5,4,0.5208298572462335,0.6391902469032341,0.5800100520747338,0.9016253207869974,0.0407755916737952,0.0065583119475335,0.564870259481038,0.0015904295542703,0.0,1.0,,0.4237239956855774,3507,3507
flow_warp,clean,5,5,0.4711780217485363,0.5695179395786522,0.5203479806635942,0.8816652409466781,0.0527516395779868,0.0079840319361277,0.5945252352437981,0.0015904295542703,0.0,1.0,,0.5015683174133301,3507,3507
flow_warp,frame_drop,5,all,0.4984089395449799,0.5990095409110625,0.5487092402280211,0.8663815226689479,0.0659252922725976,0.0046763615625891,0.5683490162532079,0.0029225601584572,0.0,1.0,,0.4561163187026977,17535,3507
flow_warp,frame_drop,5,1,0.6814544821453908,0.8423008352046756,0.7618776586750332,0.9446820644425434,0.0165383518676931,0.0022811519817507,0.4998574280011406,0.0029225601584572,0.0,1.0,,0.1802110075950622,3507,3507
flow_warp,frame_drop,5,2,0.5575025030293962,0.6807543210168827,0.6191284120231395,0.8987738808098089,0.0390647276874821,0.0034217279726261,0.5312232677502139,0.0029225601584572,0.0,1.0,,0.3632734417915344,3507,3507
flow_warp,frame_drop,5,3,0.4741645856512046,0.5634140096416933,0.518789297646449,0.8651268890789849,0.0684345594525235,0.0048474479612204,0.5697177074422584,0.0029225601584572,0.0,1.0,,0.493299126625061,3507,3507
flow_warp,frame_drop,5,4,0.4130799040026894,0.4832173865867534,0.4481486452947213,0.8280581693755347,0.0903906472768748,0.0059880239520958,0.6016538351867693,0.0029225601584572,0.0,1.0,,0.5845451951026917,3507,3507
flow_warp,frame_drop,5,5,0.3658432228962183,0.4253611521053075,0.3956021875007629,0.7952666096378671,0.1151981750784146,0.0068434559452523,0.6392928428856572,0.0029225601584572,0.0,1.0,,0.6592528820037842,3507,3507
flow_warp,occlusion,5,all,0.4156682828359247,0.648408729068013,0.5320385059519688,0.9073852295409182,0.0304533789563729,0.0050185343598517,0.8260621613915027,0.0019245948228192,0.0,1.0,,0.6139150261878967,17535,3507
flow_warp,occlusion,5,1,0.5352437496832572,0.8112259962503152,0.6732348729667863,0.9617907043056744,0.0134017678927858,0.0019960079840319,0.8069575135443399,0.0019245948228192,0.0,1.0,,0.3167949914932251,3507,3507
flow_warp,occlusion,5,2,0.4565347692027665,0.718269088546652,0.5874019288747092,0.9318505845451952,0.0213857998289136,0.003706871970345,0.8152266894781864,0.0019245948228192,0.0,1.0,,0.5189620852470398,3507,3507
flow_warp,occlusion,5,3,0.4010746366657872,0.6358859192521586,0.5184802779589728,0.9110350727117196,0.0282292557741659,0.0051325919589392,0.8257770173937838,0.0019245948228192,0.0,1.0,,0.6629598140716553,3507,3507
flow_warp,occlusion,5,4,0.3590822534863509,0.5670713855808518,0.4630768195336013,0.8813800969489592,0.037353863701169,0.0065583119475335,0.8360422013116624,0.0019245948228192,0.0,1.0,,0.7601938843727112,3507,3507
flow_warp,occlusion,5,5,0.3264060051414618,0.5095912557100868,0.4179986304257743,0.8508696891930425,0.0518962075848303,0.0076988879384088,0.846307385229541,0.0019245948228192,0.0,1.0,,0.8106644153594971,3507,3507
linear_centroid,blur,5,all,0.593941043518728,0.7243995905004732,0.6591703170096006,0.923239235814086,0.0313658397490732,0.0051325919589392,0.4771029369831765,0.000276207577197,0.0,1.0,,0.3154833316802978,17535,3507
linear_centroid,blur,5,1,0.7572137561646013,0.9217630415955398,0.8394883988800705,0.969774736241802,0.0108354719133162,0.0022811519817507,0.478471628172227,0.000276207577197,0.0,1.0,,0.1149130463600158,3507,3507
linear_centroid,blur,5,2,0.6492831573809033,0.8086360411893815,0.7289595992851423,0.943541488451668,0.0208155118334759,0.003706871970345,0.4779013401767892,0.000276207577197,0.0,1.0,,0.2178500294685363,3507,3507
linear_centroid,blur,5,3,0.5745200642700707,0.708147749067199,0.641333906668635,0.9210151126318792,0.0313658397490732,0.0051325919589392,0.4770459081836327,0.000276207577197,0.0,1.0,,0.3216424584388733,3507,3507
linear_centroid,blur,5,4,0.5177187898994896,0.6259535998962882,0.571836194897889,0.9010550327915596,0.043056743655546,0.0065583119475335,0.4759053321927573,0.000276207577197,0.0,1.0,,0.4211576581001282,3507,3507
linear_centroid,blur,5,5,0.4709694498785751,0.5574975207539574,0.5142334853162663,0.8808098089535216,0.0507556315939549,0.0079840319361277,0.4761904761904761,0.000276207577197,0.0,1.0,,0.5018534660339355,3507,3507
linear_centroid,clean,5,all,0.593941043518728,0.7243995905004732,0.6591703170096006,0.923239235814086,0.0313658397490732,0.0051325919589392,0.4771029369831765,0.000276207577197,0.0,1.0,,0.3154833316802978,17535,3507
linear_centroid,clean,5,1,0.7572137561646013,0.9217630415955398,0.8394883988800705,0.969774736241802,0.0108354719133162,0.0022811519817507,0.478471628172227,0.000276207577197,0.0,1.0,,0.1149130463600158,3507,3507
linear_centroid,clean,5,2,0.6492831573809033,0.8086360411893815,0.7289595992851423,0.943541488451668,0.0208155118334759,0.003706871970345,0.4779013401767892,0.000276207577197,0.0,1.0,,0.2178500294685363,3507,3507
linear_centroid,clean,5,3,0.5745200642700707,0.708147749067199,0.641333906668635,0.9210151126318792,0.0313658397490732,0.0051325919589392,0.4770459081836327,0.000276207577197,0.0,1.0,,0.3216424584388733,3507,3507
linear_centroid,clean,5,4,0.5177187898994896,0.6259535998962882,0.571836194897889,0.9010550327915596,0.043056743655546,0.0065583119475335,0.4759053321927573,0.000276207577197,0.0,1.0,,0.4211576581001282,3507,3507
linear_centroid,clean,5,5,0.4709694498785751,0.5574975207539574,0.5142334853162663,0.8808098089535216,0.0507556315939549,0.0079840319361277,0.4761904761904761,0.000276207577197,0.0,1.0,,0.5018534660339355,3507,3507
linear_centroid,frame_drop,5,all,0.4995651581315946,0.5979098656510791,0.5487375118913369,0.8689478186484174,0.0643284858853721,0.0051325919589392,0.4745366410037068,0.0008509625388519,0.0,1.0,,0.4631879329681396,17535,3507
linear_centroid,frame_drop,5,1,0.6846351299105834,0.8574645571136958,0.7710498435121397,0.9506700883946392,0.0191046478471628,0.0022811519817507,0.4781864841745081,0.0008509625388519,0.0,1.0,,0.1773595809936523,3507,3507
linear_centroid,frame_drop,5,2,0.5594583928990243,0.6840103320642247,0.6217343624816245,0.913601368691189,0.0359281437125748,0.003706871970345,0.4767607641859139,0.0008509625388519,0.0,1.0,,0.3555745482444763,3507,3507
linear_centroid,frame_drop,5,3,0.4758293361008838,0.5628006351030332,0.5193149856019584,0.8702594810379242,0.056173367550613,0.0051325919589392,0.4739093242087254,0.0008509625388519,0.0,1.0,,0.502138614654541,3507,3507
linear_centroid,frame_drop,5,4,0.4137128785284312,0.4750304312953337,0.4443716549118824,0.827487881380097,0.0875392072996863,0.0065583119475335,0.4730538922155688,0.0008509625388519,0.0,1.0,,0.6045053005218506,3507,3507
linear_centroid,frame_drop,5,5,0.3641900532190506,0.4102433726791077,0.3872167129490791,0.7827202737382378,0.1228970630168235,0.0079840319361277,0.4707727402338181,0.0008509625388519,0.0,1.0,,0.6763615608215332,3507,3507
linear_centroid,occlusion,5,all,0.3960747850652786,0.6118196862381095,0.503947235651694,0.8934702024522384,0.0434559452523524,0.0050755631593954,0.7976618192187055,0.0007845566680515,0.0,1.0,,0.6552609205245972,17535,3507
linear_centroid,occlusion,5,1,0.5197807136182532,0.8001757558294452,0.6599782347238492,0.958939264328486,0.0128314798973481,0.0019960079840319,0.7984031936127745,0.0007845566680515,0.0,1.0,,0.360136866569519,3507,3507
linear_centroid,occlusion,5,2,0.4364268754305365,0.6867922216768292,0.561609548553683,0.9235814086113489,0.0305104077559167,0.003706871970345,0.7981180496150556,0.0007845566680515,0.0,1.0,,0.5779868960380554,3507,3507
linear_centroid,occlusion,5,3,0.3806398194035573,0.5921337420863898,0.4863867807449735,0.8919304248645566,0.0450527516395779,0.0051325919589392,0.7986883376104933,0.0007845566680515,0.0,1.0,,0.7108639478683472,3507,3507
linear_centroid,occlusion,5,4,0.3384702249084075,0.5193887301166168,0.4289294775125121,0.8625605930995153,0.056173367550613,0.0065583119475335,0.7972626176218991,0.0007845566680515,0.0,1.0,,0.7892785668373108,3507,3507
linear_centroid,occlusion,5,5,0.3050562919656388,0.4606079814812659,0.3828321367234524,0.8303393213572854,0.0727117194183062,0.0079840319361277,0.7958368976333048,0.0007845566680515,0.0,1.0,,0.8380382061004639,3507,3507
safeobj_det,blur,5,all,0.361378651590665,0.2917906426167567,0.3265846471037108,0.8484744796122041,0.0646706586826347,0.0051325919589392,0.1201596806387225,0.0039015629315175,0.0,0.981888642204362,,0.674446377021348,17535,3507
safeobj_det,blur,5,1,0.3961697160635416,0.3249319190148253,0.3605508175391835,0.8625605930995153,0.0652979754776161,0.0022811519817507,0.1243227830054177,0.0039015629315175,0.0,0.9846405663278186,,0.60140703354665,3507,3507
safeobj_det,blur,5,2,0.3784464242621516,0.3071289847671707,0.3427877045146611,0.8557171371542629,0.0695751354433989,0.003706871970345,0.1157684630738523,0.0039015629315175,0.0,0.9832887438107052,,0.6428267231754404,3507,3507
safeobj_det,blur,5,3,0.3604697837680365,0.2903015761340748,0.3253856799510558,0.8491588252067294,0.065583119475335,0.0051325919589392,0.1166238950670088,0.0039015629315175,0.0,0.981955457845236,,0.684835376224866,3507,3507
safeobj_det,blur,5,4,0.3436286467787774,0.2749226616335934,0.3092756542061854,0.8420302252637581,0.0607356715141146,0.0065583119475335,0.1203307670373538,0.0039015629315175,0.0,0.980528119744349,,0.7122076301619575,3507,3507
safeobj_det,blur,5,5,0.3281786870808175,0.2616680715341191,0.2949233793074683,0.832905617336755,0.0621613915027088,0.0079840319361277,0.12375249500998,0.0039015629315175,0.0,0.9790303232937004,,0.730954991877164,3507,3507
safeobj_det,clean,5,all,0.3612669632087897,0.2913056774601159,0.3262863203344527,0.8490447676076418,0.0643855146849158,0.0051325919589392,0.1178785286569717,0.0039096493535706,0.0,0.981822412456581,,0.6752355571312547,17535,3507
safeobj_det,clean,5,1,0.3959359744985469,0.3242562044703987,0.3600960894844728,0.8634160250926718,0.065583119475335,0.0022811519817507,0.1211861990305104,0.0039096493535706,0.0,0.98458720283492,,0.6027793203591281,3507,3507
safeobj_det,clean,5,2,0.3782771830526178,0.3066107953826281,0.342443989217623,0.8560022811519817,0.06928999144568,0.003706871970345,0.1117764471057884,0.0039096493535706,0.0,0.9832250248818172,,0.6441887874599193,3507,3507
safeobj_det,clean,5,3,0.3603562512545227,0.2899843119942731,0.3251702816243978,0.8483033932135728,0.0641573994867408,0.0051325919589392,0.1112061591103507,0.0039096493535706,0.0,0.981887680480784,,0.6839122266078695,3507,3507
safeobj_det,clean,5,4,0.3435783587348278,0.2744553640687545,0.3090168614017912,0.8431708012546336,0.0601653835186769,0.0065583119475335,0.1231822070145423,0.0039096493535706,0.0,0.980456538916926,,0.7118508358235572,3507,3507
safeobj_det,clean,5,5,0.3281870485034333,0.2612217113845248,0.294704379943979,0.8343313373253493,0.0627316794981465,0.0079840319361277,0.1220416310236669,0.0039096493535706,0.0,0.978955615168458,,0.7334466756053007,3507,3507
safeobj_det,frame_drop,5,all,0.3616993568454007,0.2920909833063453,0.326895170075873,0.848018249215854,0.0655260906757912,0.0051325919589392,0.1218135158254918,0.0040835349628544,0.0,0.9818327045386288,,0.6709687106997532,17535,3507
safeobj_det,frame_drop,5,1,0.3948063811638169,0.3237317472812322,0.3592690642225246,0.8625605930995153,0.0650128314798973,0.0022811519817507,0.1171941830624465,0.0040835349628544,0.0,0.984568514917731,,0.6036161892020468,3507,3507
safeobj_det,frame_drop,5,2,0.3780913826850866,0.3070064395923381,0.3425489111387123,0.8548617051611064,0.06928999144568,0.003706871970345,0.1132021670943826,0.0040835349628544,0.0,0.9832219930330096,,0.6433303372996603,3507,3507
safeobj_det,frame_drop,5,3,0.3608562122256057,0.2913365029959721,0.3260963576107888,0.8465925292272598,0.0647276874821785,0.0051325919589392,0.1203307670373538,0.0040835349628544,0.0,0.9819002226441206,,0.6785069777648063,3507,3507
safeobj_det,frame_drop,5,4,0.3447572092556513,0.2757668329822263,0.3102620211189388,0.8414599372683205,0.0635871114913031,0.0065583119475335,0.1283147989734816,0.0040835349628544,0.0,0.9804804975197192,,0.703320553916657,3507,3507
safeobj_det,frame_drop,5,5,0.3299855988968431,0.2626133936799576,0.2962994962884003,0.8346164813230682,0.0650128314798973,0.0079840319361277,0.1300256629597947,0.0040835349628544,0.0,0.9789922945785632,,0.7260695418843796,3507,3507
safeobj_det,occlusion,5,all,0.3555453351648059,0.2933876488182331,0.3244664919915195,0.8445965212432278,0.0672939834616481,0.0050185343598517,0.1235814086113487,0.0040732435010743,0.0,0.9831961186618114,,0.6905242793506321,17535,3507
safeobj_det,occlusion,5,1,0.3898271860771296,0.3265489534370957,0.3581880697571127,0.8608497291132021,0.0704305674365554,0.0019960079840319,0.1280296549757627,0.0040732435010743,0.0,0.9858188785682692,,0.6188385475385484,3507,3507
safeobj_det,occlusion,5,2,0.3720602740251998,0.3085602588129707,0.3403102664190853,0.8528656971770744,0.0715711434274308,0.003706871970345,0.1226119190191046,0.0040732435010743,0.0,0.9845283680197382,,0.661460222309391,3507,3507
safeobj_det,occlusion,5,3,0.3546719835567106,0.2918869688567672,0.3232794762067389,0.844311377245509,0.0661534074707727,0.0048474479612204,0.1257485029940119,0.0040732435010743,0.0,0.9832589555099408,,0.7023921701722516,3507,3507
safeobj_det,occlusion,5,4,0.3380678179469852,0.2765307882292224,0.3072993030881037,0.8383233532934131,0.0635871114913031,0.0065583119475335,0.1209010550327915,0.0040732435010743,0.0,0.9819026792154782,,0.7244176403525076,3507,3507
safeobj_det,occlusion,5,5,0.3230994142180044,0.2634112747551098,0.2932553444865571,0.8266324493869404,0.0647276874821785,0.0079840319361277,0.1206159110350727,0.0040732435010743,0.0,0.9804717119956308,,0.7455131430417885,3507,3507
safeobj_full,blur,5,all,0.3461822230916211,0.2717380111068625,0.3089601170992418,0.8643284858853721,0.04009124607927,0.0050185343598517,0.0861134873110921,0.0085862728140119,0.0004011772641649,0.9780876512197064,-0.3297208856277835,0.7359433117434956,17535,3507
safeobj_full,blur,5,1,0.374213284997915,0.2960795012283128,0.3351463931131139,0.8796692329626461,0.0316509837467921,0.0022811519817507,0.0690048474479612,0.0085862728140119,0.0003892967397867,0.97958825813728,-0.3659747562185331,0.681897935957048,3507,3507
safeobj_full,blur,5,2,0.3605903632945461,0.2837461700180448,0.3221682666562954,0.8773880809808954,0.0353578557171371,0.003706871970345,0.0875392072996863,0.0085862728140119,0.0003889614480006,0.978976063232732,-0.3670465700814573,0.7095149976764611,3507,3507
safeobj_full,blur,5,3,0.3457469551484988,0.2711979149914221,0.3084724350699605,0.866837753065298,0.0413458796692329,0.0051325919589392,0.0935272312517821,0.0085862728140119,0.000397691404965,0.9781657852336556,-0.3314597539544697,0.7429219446258393,3507,3507
safeobj_full,blur,5,4,0.3318841431525794,0.2591526100317404,0.2955183765921599,0.8565725691474194,0.0433418876532648,0.0062731679498146,0.0938123752495009,0.0085862728140119,0.00040935953819,0.9772851586783752,-0.3134607447227979,0.7651380272988482,3507,3507
safeobj_full,blur,5,5,0.3184763688645665,0.2485138592647924,0.2834951140646795,0.8411747932706016,0.048759623609923,0.0076988879384088,0.0866837753065297,0.0085862728140119,0.0004205771898822,0.97642299081649,-0.3086268812973363,0.7802439411549205,3507,3507
safeobj_full,clean,5,all,0.3469508640593167,0.2716097480416303,0.3092803060504734,0.8658682634730539,0.0392358140861134,0.0049615055603079,0.0864556601083547,0.008543687958663,0.0003998097931231,0.9779875596398332,-0.3185707322202739,0.7355010426279007,17535,3507
safeobj_full,clean,5,1,0.3743923157598782,0.2951209140772713,0.3347566149185748,0.8825206729398346,0.0313658397490732,0.0022811519817507,0.0681494154548046,0.008543687958663,0.0003862620401525,0.9795487520359574,-0.353984578541688,0.6838544360891787,3507,3507
safeobj_full,clean,5,2,0.361424754619421,0.2836296263032323,0.3225271904613266,0.8779583689763331,0.0339321357285429,0.003706871970345,0.0869689193042486,0.008543687958663,0.0003877998552113,0.9788898813408394,-0.3549145854078816,0.7102842569555148,3507,3507
safeobj_full,clean,5,3,0.3468908344030979,0.2715501593668234,0.3092204968849606,0.8691189050470488,0.0402053036783575,0.0048474479612204,0.0949529512403764,0.008543687958663,0.0003965221875802,0.9780583907506184,-0.3190581346991192,0.7408185525092774,3507,3507
safeobj_full,clean,5,4,0.3327427899739023,0.2593692916825263,0.2960560408282143,0.857428001140576,0.0424864556601083,0.0062731679498146,0.0940975192472198,0.008543687958663,0.0004084729332605,0.9771585699021051,-0.3040224312644113,0.7644411263249693,3507,3507
safeobj_full,clean,5,5,0.3193036255402839,0.2483787487782983,0.2838411871592911,0.8423153692614771,0.0481893356144853,0.0076988879384088,0.088109495295124,0.008543687958663,0.0004199919494109,0.9762822041696452,-0.2994517286111283,0.7781071374312337,3507,3507
safeobj_full,frame_drop,5,all,0.3441239856077081,0.2691334441676953,0.3066287148877017,0.8632449386940405,0.0412888508696891,0.0050185343598517,0.0852010265183917,0.0085522863644162,0.0004002789668293,0.9779988254989556,-0.3147519632337924,0.7394473447669154,17535,3507
safeobj_full,frame_drop,5,1,0.371489232313385,0.2919028732061535,0.3316960527597692,0.8808098089535216,0.0333618477331052,0.0022811519817507,0.0670088394639292,0.0085522863644162,0.000386451490443,0.9795599283572444,-0.3527918101865764,0.6881427555842926,3507,3507
safeobj_full,frame_drop,5,2,0.3583350445581988,0.2806068296599394,0.3194709371090691,0.8745366410037069,0.0350727117194183,0.003706871970345,0.0869689193042486,0.0085522863644162,0.0003881432353242,0.9788961396415858,-0.3505554591712881,0.7168487370575056,3507,3507
safeobj_full,frame_drop,5,3,0.3436994262674656,0.2688300388008132,0.3062647325341394,0.8654120330767038,0.0422013116623895,0.0051325919589392,0.0935272312517821,0.0085522863644162,0.0003977535970254,0.9780676407728368,-0.3114507978434825,0.7448199182655317,3507,3507
safeobj_full,frame_drop,5,4,0.3300844876840091,0.2574049475632623,0.2937447176236357,0.8548617051611064,0.0444824636441402,0.0062731679498146,0.0940975192472198,0.0085522863644162,0.000409113892078,0.9771711359446906,-0.3016645931930658,0.7678753222737994,3507,3507
safeobj_full,frame_drop,5,5,0.317011737215482,0.2469225316083084,0.2819671344118952,0.840604505275164,0.0513259195893926,0.0076988879384088,0.084402623324779,0.0085522863644162,0.0004199326192756,0.9762992827784208,-0.2951514906168828,0.7795499051640372,3507,3507
safeobj_full,occlusion,5,all,0.3375236217107557,0.2694799629751734,0.3035017923429645,0.8512118619903051,0.0436840604505275,0.0050185343598517,0.0897633304818933,0.0086332470913784,0.0003777411792917,0.9794842294148308,-0.3532995698825079,0.742415459855588,17535,3507
safeobj_full,occlusion,5,1,0.3651778981844397,0.2931902463958831,0.3291840722901613,0.8714000570287995,0.0353578557171371,0.0022811519817507,0.0869689193042486,0.0086332470913784,0.0003674892248898,0.9808692039333928,-0.387330842351583,0.6951549663685107,3507,3507
safeobj_full,occlusion,5,2,0.3516470129219604,0.2817480711872135,0.3166975420545869,0.8637011690903906,0.0370687197034502,0.003706871970345,0.0912460792700313,0.0086332470913784,0.0003679595172725,0.9802943837244964,-0.3886782900596673,0.71967272089525,3507,3507
safeobj_full,occlusion,5,3,0.3367343800737235,0.2687993190097919,0.3027668495417577,0.8528656971770744,0.0439121756487025,0.0051325919589392,0.0926717992586256,0.0086332470913784,0.0003739862411187,0.9795631120304862,-0.3517220725885518,0.746600457753148,3507,3507
safeobj_full,occlusion,5,4,0.3233101234376384,0.2567017580480961,0.2900059407428673,0.8414599372683205,0.0476190476190476,0.0062731679498146,0.0898203592814371,0.0086332470913784,0.0003842008170975,0.9787529392020804,-0.3381547064441301,0.7651801116452245,3507,3507
safeobj_full,occlusion,5,5,0.3107486939360167,0.2469604202348822,0.2788545570854494,0.8266324493869404,0.0544625035642999,0.0076988879384088,0.088109495295124,0.0086332470913784,0.00039507009608,0.9779415081836982,-0.3346927806323522,0.7854693289288504,3507,3507
safeobj_no_geom,blur,5,all,0.1484862527750361,0.1069320023450699,0.127709127560053,0.4869118905047049,0.3691474194468206,0.0051325919589392,0.0852580553179355,0.0015005283641986,5.547833000283125e-06,0.9267699274916168,-0.3952293364605081,0.8861083542039532,17535,3507
safeobj_no_geom,blur,5,1,0.1477716333276921,0.1054813433248934,0.1266264883262927,0.4816082121471343,0.3803820929569432,0.0022811519817507,0.084402623324779,0.0015005283641986,5.2725059694998704e-06,0.9269729511058667,-0.4082964929771008,0.8853419397609472,3507,3507
safeobj_no_geom,blur,5,2,0.1485364873341856,0.1067363008325669,0.1276363940833762,0.485885372112917,0.3726832050185343,0.003706871970345,0.0861134873110921,0.0015005283641986,5.241595586449213e-06,0.9276440564913732,-0.3997299738867368,0.8868684808787097,3507,3507
safeobj_no_geom,blur,5,3,0.1487029475491576,0.1074143657993281,0.1280586566742428,0.4887368120901055,0.3669803250641574,0.0051325919589392,0.084402623324779,0.0015005283641986,5.413836342144769e-06,0.9272754739450532,-0.3942893074416423,0.887070195148703,3507,3507
safeobj_no_geom,blur,5,4,0.148760984216163,0.1074916112177742,0.1281262977169686,0.4875962360992301,0.3635585970915312,0.0065583119475335,0.0818363273453093,0.0015005283641986,5.910136855253232e-06,0.9264782958469876,-0.3905610482246613,0.8854176416368541,3507,3507
safeobj_no_geom,blur,5,5,0.1486592114479824,0.107536390550787,0.1280978009993847,0.4907328200741374,0.3621328771029369,0.0079840319361277,0.0895352152837182,0.0015005283641986,5.901090248068541e-06,0.925478860068804,-0.3948593618544684,0.8858438021680518,3507,3507
safeobj_no_geom,clean,5,all,0.1487819545709882,0.1073840231250788,0.1280829888480335,0.4875962360992301,0.3665240946678072,0.0051325919589392,0.0849729113202167,0.0014987712864702,5.622482072837892e-06,0.9262239047051292,-0.3970516473334901,0.8857334353320783,17535,3507
safeobj_no_geom,clean,5,1,0.1480408498833709,0.1059758234239312,0.1270083366536511,0.4824636441402908,0.3783860849729113,0.0022811519817507,0.0841174793270601,0.0014987712864702,5.349740474935534e-06,0.9264049000776764,-0.4102418715516292,0.8856293311274083,3507,3507
safeobj_no_geom,clean,5,2,0.1488135315452363,0.1073337516758037,0.12807364161052,0.4861705161106359,0.369546621043627,0.003706871970345,0.0846877673224978,0.0014987712864702,5.311569000419242e-06,0.9271011831653672,-0.4028597906482276,0.8860404629941201,3507,3507
safeobj_no_geom,clean,5,3,0.1490429828992891,0.107895997128832,0.1284694900140606,0.4887368120901055,0.3644140290846878,0.0051325919589392,0.0861134873110921,0.0014987712864702,5.483453919714501e-06,0.9267380823598208,-0.3964661233962012,0.8865327923461723,3507,3507
safeobj_no_geom,clean,5,4,0.1490618147832806,0.1078835464199083,0.1284726806015945,0.4893071000855432,0.3604220131166239,0.0065583119475335,0.0849729113202167,0.0014987712864702,5.989000635556816e-06,0.9259394450441942,-0.3909538545614588,0.8848786923597776,3507,3507
safeobj_no_geom,clean,5,5,0.1489505937437638,0.1078309969769189,0.1283907953603413,0.4913031080695751,0.3598517251211862,0.0079840319361277,0.0849729113202167,0.0014987712864702,5.9786463335633685e-06,0.9249359128785876,-0.3967563272362924,0.8855859892708915,3507,3507
safeobj_no_geom,frame_drop,5,all,0.1484711256549743,0.1071845700924353,0.1278278478737048,0.4867408041060735,0.3664100370687197,0.0051325919589392,0.0845166809238665,0.0015104394942472,5.624098867463735e-06,0.9263105382938348,-0.3947413960941929,0.885763006510135,17535,3507
safeobj_no_geom,frame_drop,5,1,0.1477531794261457,0.1058595181954043,0.126806348810775,0.482178500142572,0.3781009409751925,0.0022811519817507,0.0852580553179355,0.0015104394942472,5.346052150895407e-06,0.9264944377773536,-0.403445864408023,0.8860039526422989,3507,3507
safeobj_no_geom,frame_drop,5,2,0.1484790590133237,0.107087491161974,0.1277832750876489,0.485885372112917,0.3689763330481893,0.003706871970345,0.0858283433133732,0.0015104394942472,5.303078242522007e-06,0.9271828205897524,-0.4019452480557802,0.886407242087785,3507,3507
safeobj_no_geom,frame_drop,5,3,0.1487068237978678,0.1075658570338308,0.1281363404158493,0.4870259481037924,0.3641288850869689,0.0051325919589392,0.0866837753065297,0.0015104394942472,5.496424584862212e-06,0.9268215397738784,-0.3896405258326541,0.8860459385483836,3507,3507
safeobj_no_geom,frame_drop,5,4,0.1487364588994717,0.1077518601673302,0.128244159533401,0.4890219560878243,0.3618477331052181,0.0065583119475335,0.0798403193612774,0.0015104394942472,6.00304820128268e-06,0.9260275456209892,-0.3906697549904824,0.8849668344575725,3507,3507
safeobj_no_geom,frame_drop,5,5,0.1486801071380627,0.1076581239036369,0.1281691155208499,0.4895922440832621,0.3589962931280296,0.0079840319361277,0.0849729113202167,0.0015104394942472,5.97189115775637e-06,0.9250263477071996,-0.3979747049143096,0.8853913078730964,3507,3507
safeobj_no_geom,occlusion,5,all,0.1383537283252107,0.100014238526593,0.1191839834259018,0.4591958939264328,0.4107784431137724,0.0051325919589392,0.0808098089535215,0.0014100468814345,4.6540213013216175e-06,0.9355951139686928,-0.3550709136146632,0.8919680986881664,17535,3507
safeobj_no_geom,occlusion,5,1,0.1374153066223545,0.0984770654447969,0.1179461860335757,0.4536641003706872,0.4197319646421443,0.0022811519817507,0.0778443113772455,0.0014100468814345,4.498621374510753e-06,0.9357557345531182,-0.4029333788882553,0.8895624553440029,3507,3507
safeobj_no_geom,occlusion,5,2,0.1381578592594997,0.0994947246338698,0.1188262919466847,0.4576561163387511,0.4134587966923296,0.003706871970345,0.0838323353293413,0.0014100468814345,4.4901420266574816e-06,0.9362818838559496,-0.3552508491159445,0.8917994020431852,3507,3507
safeobj_no_geom,occlusion,5,3,0.1385082746937115,0.1001419327339133,0.1193251037138124,0.4599372683205018,0.4120330767037354,0.0051325919589392,0.0778443113772455,0.0014100468814345,4.60844952375125e-06,0.9360033157784816,-0.3295176411245662,0.893231679953365,3507,3507
safeobj_no_geom,occlusion,5,4,0.1387598987590661,0.1006721839916491,0.1197160413753576,0.4613629883090961,0.4054747647562018,0.0065583119475335,0.0769888793840889,0.0014100468814345,4.885575854687004e-06,0.935369446843922,-0.363737035413504,0.8925978359008128,3507,3507
safeobj_no_geom,occlusion,5,5,0.1389273022914217,0.1012852858287357,0.1201062940600787,0.463358996293128,0.4031936127744511,0.0079840319361277,0.0875392072996863,0.0014100468814345,4.787317727001599e-06,0.9345651888119926,-0.3370976007025869,0.8926490496834494,3507,3507
safeobj_no_stress,blur,5,all,0.3572472513024505,0.2839169690128146,0.3205821101576325,0.8619332763045338,0.0602224123182207,0.0050185343598517,0.1141716566866267,0.0081166598952957,0.0003889264184949,0.9807869537351884,-0.3014537838237061,0.7113258649999,17535,3507
safeobj_no_stress,blur,5,1,0.3936782217337484,0.3194003436942923,0.3565392827140204,0.8819503849443969,0.048759623609923,0.0022811519817507,0.0969489592244083,0.0081166598952957,0.000394832903271,0.983320325961438,-0.3262511201453385,0.6457098163632474,3507,3507
safeobj_no_stress,blur,5,2,0.3748612103642634,0.2981962045592143,0.3365287074617389,0.8819503849443969,0.0533219275734245,0.003706871970345,0.1032221271742229,0.0081166598952957,0.0003845082557263,0.9820089153424948,-0.3098889149782544,0.687170028397593,3507,3507
safeobj_no_stress,blur,5,3,0.3559732887617473,0.2812586985087099,0.3186159936352286,0.8654120330767038,0.0590248075278015,0.0048474479612204,0.1157684630738523,0.0081166598952957,0.0003846637125117,0.9807282685213766,-0.30172206807823,0.7183958035029336,3507,3507
safeobj_no_stress,blur,5,4,0.3387323140098042,0.2669887047171418,0.3028605093634731,0.8448816652409467,0.0650128314798973,0.0062731679498146,0.1263187909894496,0.0081166598952957,0.0003874540336983,0.9795138593545352,-0.283680423180037,0.7411334840939329,3507,3507
safeobj_no_stress,blur,5,5,0.3229912216426891,0.2537408935847147,0.2883660576137019,0.8354719133162247,0.074992871400057,0.0079840319361277,0.1285999429712004,0.0081166598952957,0.0003931731872672,0.9783633994960976,-0.3002313094775918,0.7642202119321473,3507,3507
safeobj_no_stress,clean,5,all,0.3565611885430818,0.283661097324109,0.3201111429335955,0.8622754491017964,0.0597091531223267,0.0050185343598517,0.1162817222697462,0.0080993614488367,0.000388558296296,0.9808315947146234,-0.2977346184574984,0.7138226931680461,17535,3507
safeobj_no_stress,clean,5,1,0.392893771421699,0.3191221907737948,0.3560079810977468,0.8822355289421158,0.0479041916167664,0.0022811519817507,0.1006558311947533,0.0080993614488367,0.0003931225436053,0.9833760040758815,-0.3190490156815581,0.6491871860110933,3507,3507
safeobj_no_stress,clean,5,2,0.3742016496906935,0.2982527045448286,0.336227177117761,0.8813800969489592,0.0536070715711434,0.003706871970345,0.1043627031650983,0.0080993614488367,0.0003835502291755,0.9820588971428428,-0.303920030683037,0.6920674591789159,3507,3507
safeobj_no_stress,clean,5,3,0.355319948961456,0.2809687221104482,0.3181443355359521,0.8671228970630168,0.0584545195323638,0.0048474479612204,0.1209010550327915,0.0080993614488367,0.0003840800971802,0.9807740779795944,-0.2985092706168497,0.7192970583300866,3507,3507
safeobj_no_stress,clean,5,4,0.338128041187163,0.26672770159236,0.3024278713897615,0.8451668092386655,0.0647276874821785,0.0062731679498146,0.1285999429712004,0.0080993614488367,0.0003878185147783,0.9795502002571668,-0.2836993309377473,0.7420251816128747,3507,3507
safeobj_no_stress,clean,5,5,0.3222625314543977,0.2532341675991136,0.2877483495267556,0.8354719133162247,0.0738522954091816,0.0079840319361277,0.1268890789848873,0.0080993614488367,0.0003942200967407,0.978398794117632,-0.299403660963676,0.766536877387808,3507,3507
safeobj_no_stress,frame_drop,5,all,0.3532623085972208,0.2808130492250559,0.3170376789111384,0.8594240091246079,0.0617621899059024,0.0049615055603079,0.117308240661534,0.0082168917820919,0.0003886612798543,0.9808217713762832,-0.294319054983421,0.7192877990756921,17535,3507
safeobj_no_stress,frame_drop,5,1,0.3890289022217733,0.3153726334092324,0.3522007678155028,0.8810949529512404,0.0499001996007984,0.0022811519817507,0.0963786712289706,0.0082168917820919,0.0003932039702869,0.983354907158878,-0.3179431247479533,0.6562948626672437,3507,3507
safeobj_no_stress,frame_drop,5,2,0.3707692581809939,0.2947063975807344,0.3327378278808642,0.8802395209580839,0.0547476475620188,0.0034217279726261,0.1112061591103507,0.0082168917820919,0.0003837781667459,0.982041250734816,-0.3019995408717825,0.6977527342632621,3507,3507
safeobj_no_stress,frame_drop,5,3,0.3517504398884168,0.2779709085589886,0.3148606742237027,0.8617051611063588,0.0593099515255203,0.0048474479612204,0.1220416310236669,0.0082168917820919,0.0003835287041039,0.9807691462093656,-0.2947638065362825,0.7241395948651784,3507,3507
safeobj_no_stress,frame_drop,5,4,0.3350898202547377,0.2645289229947073,0.2998093716247225,0.8428856572569148,0.0678642714570858,0.0062731679498146,0.1285999429712004,0.0082168917820919,0.0003887820663933,0.979543605029566,-0.2788001667066208,0.7462957952142883,3507,3507
safeobj_no_stress,frame_drop,5,5,0.3196731224401821,0.2514863835816171,0.2855797530108996,0.831194753350442,0.0769888793840889,0.0079840319361277,0.1283147989734816,0.0082168917820919,0.0003940134917413,0.9783999477487906,-0.2938728322188083,0.771955621201733,3507,3507
safeobj_no_stress,occlusion,5,all,0.3259225511110674,0.2712430673384021,0.2985828092247348,0.8380952380952381,0.0699743370402053,0.0050185343598517,0.115084117479327,0.0076446996376097,0.000319655108,0.9845231757430496,-0.3345819184470054,0.7671864037470223,17535,3507
safeobj_no_stress,occlusion,5,1,0.3579070395400444,0.3012389658952311,0.3295730027176377,0.8708297690333618,0.0578842315369261,0.0022811519817507,0.0906757912745936,0.0076446996376097,0.0003286864325104,0.986475722841432,-0.3659097934882581,0.7167294848362945,3507,3507
safeobj_no_stress,occlusion,5,2,0.3409618622905548,0.2834563708444692,0.312209116567512,0.8591388651268891,0.0613059595095523,0.003706871970345,0.110635871114913,0.0076446996376097,0.0003192060800775,0.9854618307869082,-0.3464394486613337,0.7456556496913866,3507,3507
safeobj_no_stress,occlusion,5,3,0.32415726043737,0.2692109034984984,0.2966840819679342,0.8383233532934131,0.0670088394639292,0.0048474479612204,0.1183347590533219,0.0076446996376097,0.000315202605626,0.9844955647301056,-0.3366765123508163,0.7726335545907783,3507,3507
safeobj_no_stress,occlusion,5,4,0.3094909102915754,0.2564871733506835,0.2829890418211295,0.8186484174508126,0.0741374394069004,0.0062731679498146,0.1260336469917308,0.0076446996376097,0.00031529059182,0.9835438348304046,-0.312633118636421,0.7936379489376567,3507,3507
safeobj_no_stress,occlusion,5,5,0.2970956829957928,0.245821923103128,0.2714588030494604,0.8035357855717137,0.0895352152837182,0.0079840319361277,0.1297405189620758,0.0076446996376097,0.000319889829966,0.9826389255263984,-0.3189513996453518,0.8072753045543294,3507,3507
