method,stress,jf,ops,vanish,hallucination,split,mce
copy_last,blur,0.5144217110906346,0.868142144638404,0.0557668329177057,0.0084788029925187,0.4809850374064838,0.0
copy_last,blur,0.6267042922433199,0.9219846022241232,0.0334188765326489,0.0051325919589392,0.4781864841745081,0.0
linear_centroid,blur,0.5258047049854141,0.8610660847880299,0.0646197007481296,0.0084788029925187,0.4768391521197007,0.0002857486507726
linear_centroid,blur,0.6591703170096006,0.923239235814086,0.0313658397490732,0.0051325919589392,0.4771029369831765,0.000276207577197
linear_centroid_scale,blur,0.4977594635718718,0.842861596009975,0.0776807980049875,0.0073566084788029,0.4550498753117207,0.001477871505409
linear_centroid_scale,blur,0.6365146270211725,0.9179925862560592,0.034901625320787,0.0043912175648702,0.4619903051040775,0.0012572706094337
flow_warp,blur,0.5317819742673319,0.8628740648379052,0.0634039900249376,0.0084788029925187,0.5938902743142145,0.0015273127487986
flow_warp,blur,0.6685751681618681,0.925235243798118,0.0298830909609352,0.0051325919589392,0.5372683205018535,0.0015987488462339
flow_linear_fallback,blur,0.5456016120810955,0.8715399002493766,0.0586346633416458,0.0084788029925187,0.523285536159601,0.0014427175451776
flow_linear_fallback,blur,0.6758682845430858,0.9274023381807812,0.0286854861705161,0.0051325919589392,0.5183347590533219,0.0034545344157098
convlstm_base,blur,0.5398758002120135,0.9072630922693268,0.0468827930174563,0.0057668329177057,0.2573254364089775,0.0024510118615167
convlstm_base,blur,0.6746400147105499,0.9540347875677218,0.0275449101796407,0.0023381807812945,0.2920444824636441,0.0030848178742437
convlstm_stress,blur,0.5386159623143233,0.90642144638404,0.0475374064837905,0.0057356608478802,0.2716957605985037,0.0023897739989106
convlstm_stress,blur,0.670230485732147,0.9550042771599658,0.0255489021956087,0.0026803535785571,0.279441117764471,0.0029413519060392
safeobjworld_r_full,blur,0.5397895211916351,0.9152431421446384,0.0408354114713217,0.0067331670822942,0.2712281795511222,0.0025788992309335
safeobjworld_r_full,blur,0.6648257494847902,0.9576276019389792,0.0225263758197889,0.003193612774451,0.2739093242087254,0.0029295336806936
safeobjworld_r_no_temporal,blur,0.539914890918337,0.9153366583541148,0.0408042394014962,0.0067955112219451,0.2718827930174564,0.0025588029366416
safeobjworld_r_no_temporal,blur,0.6643681756600882,0.9581978899344168,0.0224693470202452,0.0031365839749073,0.2732249786142002,0.0030185833762071
safeobjworld_r_no_split,blur,0.5432426613095573,0.9166147132169576,0.0388715710723192,0.0069825436408977,0.2679551122194514,0.0026462449691376
safeobjworld_r_no_split,blur,0.6700619805785218,0.9587111491303107,0.0195608782435129,0.0039920159680638,0.2811519817507841,0.0028925986051959
safeobjworld_r_no_area,blur,0.5395920083948176,0.9174251870324188,0.0380610972568578,0.0066396508728179,0.2783354114713217,0.0025108063492752
safeobjworld_r_no_area,blur,0.6639176898467666,0.9578557171371542,0.0222412318220701,0.0032506415739948,0.2818933561448531,0.0030988497140881
safeobjworld_r_no_stress,blur,0.5459894915772894,0.9128428927680798,0.0428304239401496,0.0062344139650872,0.2993142144638404,0.0027919522970882
safeobjworld_r_no_stress,blur,0.6769809794370142,0.9614485315084116,0.0192187054462503,0.0039920159680638,0.2743085258055318,0.0028118656459172
safeobjworld_r_det,blur,0.5385124830254576,0.911720698254364,0.0445137157107231,0.005860349127182,0.2312032418952618,0.001835361295024
safeobjworld_r_det,blur,0.6685835187121276,0.9548331907613344,0.0260051325919589,0.0025092671799258,0.2804676361562589,0.002870560431748
safeobjworld_r_image_only,blur,0.1143496355707096,0.3464152119700748,0.4229114713216957,0.0084788029925187,0.6544264339152119,0.0181005953278725
safeobjworld_r_image_only,blur,0.1624630563382884,0.5316224693470203,0.1778728257770174,0.0051325919589392,0.9478756772169946,0.0193592343113221
safeobjworld_r_mask_only,blur,0.5378350560410348,0.9096945137157108,0.0444201995012468,0.0063279301745635,0.2795822942643391,0.0029050688710436
safeobjworld_r_mask_only,blur,0.6571080059775688,0.9560878243512974,0.0226974622184203,0.0037639007698887,0.2226974622184203,0.0030563408690167
object_token_full,blur,0.28458038665843,0.8562032418952619,0.0545199501246882,0.0083229426433915,0.1255299251870324,0.0135369720869712
object_token_full,blur,0.3363961557341196,0.8853721129170231,0.0446535500427716,0.0038779583689763,0.0568577131451382,0.0149056886007663
object_token_det,blur,0.2744350408779902,0.82035536159601,0.0674251870324189,0.0068266832917705,0.1470698254364089,0.0018852582596498
object_token_det,blur,0.3578337099026621,0.8930139720558882,0.0438551468491588,0.0050755631593954,0.0900484744796122,0.0035873989324079
object_token_no_geom,blur,0.1099204300146321,0.3905236907730673,0.4500935162094763,0.0084788029925187,0.0316396508728179,0.0056928709695084
object_token_no_geom,blur,0.1170988428621567,0.4205873966353008,0.4208155118334759,0.0051325919589392,0.197775876817793,0.0082528846080927
copy_last,clean,0.5144217110906346,0.868142144638404,0.0557668329177057,0.0084788029925187,0.4809850374064838,0.0
copy_last,clean,0.6267042922433199,0.9219846022241232,0.0334188765326489,0.0051325919589392,0.4781864841745081,0.0
linear_centroid,clean,0.5258047049854141,0.8610660847880299,0.0646197007481296,0.0084788029925187,0.4768391521197007,0.0002857486507726
linear_centroid,clean,0.6591703170096006,0.923239235814086,0.0313658397490732,0.0051325919589392,0.4771029369831765,0.000276207577197
linear_centroid_scale,clean,0.4977594635718718,0.842861596009975,0.0776807980049875,0.0073566084788029,0.4550498753117207,0.001477871505409
linear_centroid_scale,clean,0.6365146270211725,0.9179925862560592,0.034901625320787,0.0043912175648702,0.4619903051040775,0.0012572706094337
flow_warp,clean,0.5314707997926593,0.8630299251870324,0.0641521197007481,0.0084164588528678,0.5971945137157108,0.0015035365284856
flow_warp,clean,0.6682940751191091,0.9255774165953806,0.0301112061591103,0.0051325919589392,0.5376675220986599,0.0015904295542703
flow_linear_fallback,clean,0.5454785347705556,0.8716645885286783,0.0588840399002493,0.0084788029925187,0.5227244389027431,0.0014340785144056
flow_linear_fallback,clean,0.6756083842759751,0.9276304533789564,0.0288565725691474,0.0051325919589392,0.5182207014542344,0.0034445075827978
convlstm_base,clean,0.5399808571738327,0.9070137157107232,0.0466022443890274,0.0057668329177057,0.2646508728179551,0.0024811851650356
convlstm_base,clean,0.6744766635561769,0.9537496435700028,0.0271457085828343,0.0023381807812945,0.2934131736526946,0.0031176162495082
convlstm_stress,clean,0.538377153402537,0.9063279301745636,0.047288029925187,0.0058291770573566,0.2756234413965087,0.0023852083391459
convlstm_stress,clean,0.6700210798900075,0.9550613059595096,0.0255489021956087,0.0026803535785571,0.2819503849443969,0.002992841972984
safeobjworld_r_full,clean,0.5396114943936091,0.915430174563591,0.0407730673316708,0.0066708229426433,0.2738778054862842,0.0026079144590256
safeobjworld_r_full,clean,0.6643805099294362,0.9575135443398916,0.0226404334188765,0.0030795551753635,0.276475620188195,0.0029501878377922
safeobjworld_r_no_temporal,clean,0.5395568894704542,0.914993765586035,0.0410847880299251,0.0067643391521197,0.2739401496259351,0.0025969669829973
safeobjworld_r_no_temporal,clean,0.6638512835205747,0.9577416595380668,0.0225263758197889,0.0030795551753635,0.2731679498146564,0.0030377506813495
safeobjworld_r_no_split,clean,0.5429286209951563,0.9160536159600996,0.0391209476309226,0.0069513715710723,0.2700436408977556,0.0026595998900304
safeobjworld_r_no_split,clean,0.6699855209401435,0.9584830339321356,0.0197319646421442,0.0039920159680638,0.282406615340747,0.0028983871523371
safeobjworld_r_no_area,clean,0.5392939554601996,0.9174251870324188,0.0379052369077306,0.006577306733167,0.2797693266832918,0.0025343017384786
safeobjworld_r_no_area,clean,0.6635173818215226,0.9572854291417164,0.0226974622184203,0.003193612774451,0.2813800969489592,0.0031034317641934
safeobjworld_r_no_stress,clean,0.5459932957284795,0.9122506234413964,0.0432044887780548,0.0062032418952618,0.3002493765586035,0.002794566879734
safeobjworld_r_no_stress,clean,0.6768074864160838,0.9609923011120616,0.0193897918448816,0.0039349871685201,0.2753350441973196,0.0028138151550872
safeobjworld_r_det,clean,0.5380244352812745,0.911845386533666,0.0444201995012468,0.0058915211970074,0.2308915211970074,0.0018278946494923
safeobjworld_r_det,clean,0.6684034873592523,0.9550042771599658,0.0257770173937838,0.0026233247790134,0.2837182777302537,0.0028585407487187
safeobjworld_r_image_only,clean,0.120298594992372,0.360006234413965,0.410785536159601,0.0084788029925187,0.6347256857855361,0.017227997685075
safeobjworld_r_image_only,clean,0.1628111332773619,0.5236954662104363,0.1850584545195323,0.0051325919589392,0.9393783860849728,0.0205276425392218
safeobjworld_r_mask_only,clean,0.5378350560410348,0.9096945137157108,0.0444201995012468,0.0063279301745635,0.2795822942643391,0.0029050688710436
safeobjworld_r_mask_only,clean,0.6571080059775688,0.9560878243512974,0.0226974622184203,0.0037639007698887,0.2226974622184203,0.0030563408690167
object_token_full,clean,0.2845571249859662,0.856140897755611,0.0547069825436409,0.0083229426433915,0.1246882793017456,0.0135352531273401
object_token_full,clean,0.3360089353539298,0.8853721129170231,0.0444824636441402,0.0038779583689763,0.0571428571428571,0.0149066744041288
object_token_det,clean,0.2755296945061518,0.8220386533665835,0.0671134663341646,0.0068266832917705,0.1469763092269326,0.0018051565747084
object_token_det,clean,0.3578067147291707,0.8924436840604505,0.0429997148560022,0.0050755631593954,0.0871970345024237,0.0035617247088758
object_token_no_geom,clean,0.1097496752663606,0.389214463840399,0.4510286783042394,0.0084788029925187,0.0317643391521197,0.0056771645937109
object_token_no_geom,clean,0.1174441264523298,0.4201881950384944,0.4192757342457941,0.0051325919589392,0.2072996863416025,0.0082803972311528
copy_last,distractor,0.5144217110906346,0.868142144638404,0.0557668329177057,0.0084788029925187,0.4809850374064838,0.0
copy_last,distractor,0.6267042922433199,0.9219846022241232,0.0334188765326489,0.0051325919589392,0.4781864841745081,0.0
linear_centroid,distractor,0.5258047049854141,0.8610660847880299,0.0646197007481296,0.0084788029925187,0.4768391521197007,0.0002857486507726
linear_centroid,distractor,0.6591703170096006,0.923239235814086,0.0313658397490732,0.0051325919589392,0.4771029369831765,0.000276207577197
linear_centroid_scale,distractor,0.4977594635718718,0.842861596009975,0.0776807980049875,0.0073566084788029,0.4550498753117207,0.001477871505409
linear_centroid_scale,distractor,0.6365146270211725,0.9179925862560592,0.034901625320787,0.0043912175648702,0.4619903051040775,0.0012572706094337
flow_warp,distractor,0.532920117095963,0.8647443890274314,0.0601932668329177,0.0083541147132169,0.6017456359102245,0.0014905221918906
flow_warp,distractor,0.6669208395048631,0.926489877388081,0.0302252637581978,0.0051325919589392,0.5386370116909039,0.0015953414977697
flow_linear_fallback,distractor,0.5461527091494813,0.8725997506234414,0.0566708229426433,0.0084164588528678,0.525997506234414,0.0014323707369021
flow_linear_fallback,distractor,0.6746774608435843,0.9284288565725692,0.0289706301682349,0.0051325919589392,0.5206159110350728,0.0034175337876751
convlstm_base,distractor,0.5408725470788575,0.906639650872818,0.0474127182044887,0.0057980049875311,0.2635598503740648,0.0025092131118268
convlstm_base,distractor,0.6751215120174024,0.954491017964072,0.0270886797832905,0.0023381807812945,0.2935272312517821,0.0031045050985779
convlstm_stress,distractor,0.5404607890073609,0.9068266832917704,0.0466957605985037,0.0055798004987531,0.2758416458852867,0.0023607588564521
convlstm_stress,distractor,0.6707669991217933,0.9556315939549472,0.0253778157969774,0.0026233247790134,0.2798973481608212,0.00290973202846
safeobjworld_r_full,distractor,0.5406047524375063,0.9147755610972568,0.040928927680798,0.0067331670822942,0.2722256857855362,0.0026272446590688
safeobjworld_r_full,distractor,0.6651952988991326,0.9575135443398916,0.0224123182207014,0.003193612774451,0.2755631593954947,0.0029537497040013
safeobjworld_r_no_temporal,distractor,0.5405602327650387,0.9150872817955112,0.0408042394014962,0.0067643391521197,0.2696695760598503,0.002598788774565
safeobjworld_r_no_temporal,distractor,0.6645821893546758,0.9578557171371542,0.0224123182207014,0.0030795551753635,0.2726546906187624,0.0030021141394023
safeobjworld_r_no_split,distractor,0.5441760857225468,0.9162718204488778,0.0393391521197007,0.0069513715710723,0.267643391521197,0.0026282328475797
safeobjworld_r_no_split,distractor,0.6704716643191332,0.9584830339321356,0.019788993441688,0.0039920159680638,0.282178500142572,0.0028926179692192
safeobjworld_r_no_area,distractor,0.5403520696413904,0.9177369077306732,0.0382481296758104,0.0066708229426433,0.2775561097256858,0.0025292768052414
safeobjworld_r_no_area,distractor,0.6642586520858441,0.9572284003421728,0.0224123182207014,0.003193612774451,0.2814941545480467,0.003095748042749
safeobjworld_r_no_stress,distractor,0.5466802345809234,0.9124376558603492,0.0434538653366583,0.00607855361596,0.2996882793017456,0.0027776103554209
safeobjworld_r_no_stress,distractor,0.6770819822434643,0.9613344739093242,0.0191616766467065,0.0039349871685201,0.2753350441973196,0.0028163559922452
safeobjworld_r_det,distractor,0.5386620606725205,0.9121259351620948,0.0444825436408977,0.005860349127182,0.2305486284289276,0.0018334576944168
safeobjworld_r_det,distractor,0.6691992023499493,0.9552894211576848,0.0253207869974337,0.0025662959794696,0.2809808953521528,0.0028392425176914
safeobjworld_r_image_only,distractor,0.1124545132528783,0.3431733167082294,0.4199812967581047,0.0084476309226932,0.6374376558603492,0.0176030697793272
safeobjworld_r_image_only,distractor,0.1545503668019955,0.511149130310807,0.2022811519817507,0.0051325919589392,0.9482178500142572,0.0203667179425152
safeobjworld_r_mask_only,distractor,0.5378350560410348,0.9096945137157108,0.0444201995012468,0.0063279301745635,0.2795822942643391,0.0029050688710436
safeobjworld_r_mask_only,distractor,0.6571080059775688,0.9560878243512974,0.0226974622184203,0.0037639007698887,0.2226974622184203,0.0030563408690167
object_token_full,distractor,0.2842478743478276,0.8553615960099751,0.0540835411471321,0.0083229426433915,0.119357855361596,0.0134724357941304
object_token_full,distractor,0.3365832360285903,0.8865126889078985,0.0447105788423153,0.0037639007698887,0.056914741944682,0.0150102642592986
object_token_det,distractor,0.2771585413256612,0.8260598503740648,0.0654613466334164,0.0068266832917705,0.1475374064837905,0.0018374000481914
object_token_det,distractor,0.3599248319809957,0.8930139720558882,0.0429426860564585,0.0050755631593954,0.0901055032791559,0.003556356365198
object_token_no_geom,distractor,0.1094736751753377,0.3898067331670823,0.4518391521197007,0.0084788029925187,0.0341022443890274,0.0056915839710812
object_token_no_geom,distractor,0.1173830512643817,0.4211006558311947,0.420302252637582,0.0051325919589392,0.222754491017964,0.0086513059725054
copy_last,frame_drop,0.5144217110906346,0.868142144638404,0.0557668329177057,0.0084788029925187,0.4809850374064838,0.0
copy_last,frame_drop,0.6267042922433199,0.9219846022241232,0.0334188765326489,0.0051325919589392,0.4781864841745081,0.0
linear_centroid,frame_drop,0.4170860946506117,0.7599438902743142,0.14214463840399,0.0078865336658354,0.4694825436408977,0.0007402764033232
linear_centroid,frame_drop,0.5487375118913369,0.8689478186484174,0.0643284858853721,0.0051325919589392,0.4745366410037068,0.0008509625388519
linear_centroid_scale,frame_drop,0.4003744361781118,0.757138403990025,0.1463840399002493,0.006359102244389,0.4498441396508728,0.0026991042760647
linear_centroid_scale,frame_drop,0.5322405517152334,0.8634160250926718,0.0697462218420302,0.0043912175648702,0.4627887082976903,0.0024691634273416
flow_warp,frame_drop,0.4228493863167381,0.7663653366583542,0.1283665835411471,0.0072630922693266,0.6394638403990025,0.0031699178320314
flow_warp,frame_drop,0.5487092402280211,0.8663815226689479,0.0659252922725976,0.0046763615625891,0.5683490162532079,0.0029225601584572
flow_linear_fallback,frame_drop,0.4316237172800187,0.7749064837905237,0.1249064837905236,0.0074189526184538,0.546571072319202,0.002980664555535
flow_linear_fallback,frame_drop,0.5561490872616962,0.8707727402338181,0.0628457370972341,0.0047904191616766,0.5457085828343313,0.0066576430660847
convlstm_base,frame_drop,0.4969118273457554,0.8874688279301746,0.0585099750623441,0.0057044887780548,0.2887468827930174,0.0034865888864961
convlstm_base,frame_drop,0.6121176334361604,0.9374964357000284,0.0339321357285429,0.0020530367835757,0.3367550613059595,0.004845007474875
convlstm_stress,frame_drop,0.5287009312977928,0.9024937655860348,0.049002493765586,0.0054551122194513,0.2779613466334165,0.0025737956220924
convlstm_stress,frame_drop,0.652045297884261,0.9501568291987452,0.0282862845737097,0.0025092671799258,0.2842315369261477,0.0034387788144414
safeobjworld_r_full,frame_drop,0.5300323055633802,0.9122194513715712,0.0430174563591022,0.0062967581047381,0.2783042394014962,0.0028249386884067
safeobjworld_r_full,frame_drop,0.651839982864474,0.9555175363558596,0.0252067293983461,0.0030795551753635,0.2907898488736812,0.0034561859266612
safeobjworld_r_no_temporal,frame_drop,0.5295079975633583,0.9119700748129675,0.0423940149625935,0.0064837905236907,0.2754675810473815,0.0028181641786148
safeobjworld_r_no_temporal,frame_drop,0.6507411274970383,0.9552894211576848,0.0253778157969774,0.0030795551753635,0.2903336184773311,0.003589820209857
safeobjworld_r_no_split,frame_drop,0.5344909532197372,0.911502493765586,0.0405236907730673,0.0070137157107231,0.2723192019950124,0.0029329724418276
safeobjworld_r_no_split,frame_drop,0.6531211444103066,0.9552894211576848,0.0213287710293698,0.0039920159680638,0.2975762760193898,0.0034036717274215
safeobjworld_r_no_area,frame_drop,0.5290925566871618,0.9143079800498752,0.0405236907730673,0.0069201995012468,0.2842581047381546,0.0028431150529117
safeobjworld_r_no_area,frame_drop,0.6503738048844819,0.9550613059595096,0.024978614200171,0.003193612774451,0.299743370402053,0.0036770471916389
safeobjworld_r_no_stress,frame_drop,0.5080032067093507,0.8965087281795511,0.0526184538653366,0.0061720698254364,0.3460411471321696,0.0039649768478545
safeobjworld_r_no_stress,frame_drop,0.6290958111596647,0.9523809523809524,0.0239520958083832,0.0038779583689763,0.3177074422583404,0.0041547386661974
safeobjworld_r_det,frame_drop,0.5241834018456796,0.9050498753117208,0.0456359102244389,0.0055174563591022,0.2430486284289277,0.002152388106569
safeobjworld_r_det,frame_drop,0.6511409648669986,0.950955232392358,0.0275449101796407,0.0025092671799258,0.2885086968919304,0.003273615130084
safeobjworld_r_image_only,frame_drop,0.1173545498109566,0.3516209476309227,0.4257793017456359,0.0084788029925187,0.6217581047381546,0.0175635321971677
safeobjworld_r_image_only,frame_drop,0.1622768400342059,0.5216424294268606,0.1877958368976333,0.0051325919589392,0.9387510692899914,0.0210981320840599
safeobjworld_r_mask_only,frame_drop,0.5250821790125851,0.9015586034912718,0.0509039900249376,0.0055486284289276,0.3028678304239401,0.0033499081260152
safeobjworld_r_mask_only,frame_drop,0.6467554599068512,0.95295124037639,0.0245794126033647,0.0035357855717137,0.2338180781294553,0.0034256517451869
object_token_full,frame_drop,0.28265189470245,0.8537094763092269,0.0555798004987531,0.0082294264339152,0.1238466334164588,0.0135695267753302
object_token_full,frame_drop,0.333320403436217,0.8837182777302538,0.0463644140290846,0.0039920159680638,0.0557171371542629,0.0148770758272591
object_token_det,frame_drop,0.2741296072407256,0.8207605985037406,0.0680486284289276,0.0068266832917705,0.1484102244389027,0.0018413671685476
object_token_det,frame_drop,0.3565261755559328,0.890846877673225,0.0443113772455089,0.0051325919589392,0.0910179640718562,0.0038410663347326
object_token_no_geom,frame_drop,0.1096631815294423,0.3899937655860349,0.4501870324189526,0.0084788029925187,0.032574812967581,0.005678561936246
object_token_no_geom,frame_drop,0.1172954917686962,0.4200171086398631,0.4201881950384944,0.0051325919589392,0.2107214143142287,0.0082648701097807
copy_last,lowlight,0.5144217110906346,0.868142144638404,0.0557668329177057,0.0084788029925187,0.4809850374064838,0.0
copy_last,lowlight,0.6267042922433199,0.9219846022241232,0.0334188765326489,0.0051325919589392,0.4781864841745081,0.0
linear_centroid,lowlight,0.5258047049854141,0.8610660847880299,0.0646197007481296,0.0084788029925187,0.4768391521197007,0.0002857486507726
linear_centroid,lowlight,0.6591703170096006,0.923239235814086,0.0313658397490732,0.0051325919589392,0.4771029369831765,0.000276207577197
linear_centroid_scale,lowlight,0.4977594635718718,0.842861596009975,0.0776807980049875,0.0073566084788029,0.4550498753117207,0.001477871505409
linear_centroid_scale,lowlight,0.6365146270211725,0.9179925862560592,0.034901625320787,0.0043912175648702,0.4619903051040775,0.0012572706094337
flow_warp,lowlight,0.5336495973430714,0.8641521197007481,0.0623129675810473,0.008291770573566,0.5966334164588528,0.0013987712274671
flow_warp,lowlight,0.6701084501181821,0.9259195893926432,0.0289136013686911,0.0050185343598517,0.5375534644995723,0.0014899075909702
flow_linear_fallback,lowlight,0.5464716516955289,0.8724750623441396,0.0582605985037406,0.0084788029925187,0.5254052369077307,0.0014141836701588
flow_linear_fallback,lowlight,0.6769913461883966,0.9285429141716568,0.0281151981750784,0.0051325919589392,0.5190191046478472,0.0033744341901484
convlstm_base,lowlight,0.5361560230298468,0.8961346633416459,0.0560473815461346,0.0056421446384039,0.2519950124688279,0.0025604512042349
convlstm_base,lowlight,0.6713381467766762,0.9539207299686342,0.0242942686056458,0.002452238380382,0.3063016823495865,0.0033921768695435
convlstm_stress,lowlight,0.5459546015093183,0.906577306733167,0.0452618453865336,0.0058915211970074,0.2783977556109726,0.0024271233651456
convlstm_stress,lowlight,0.6704781911513985,0.9573424579412604,0.0219560878243512,0.0028514399771884,0.2914741944682064,0.002933253149095
safeobjworld_r_full,lowlight,0.5414539040812598,0.9143079800498752,0.0405236907730673,0.006857855361596,0.2729426433915212,0.0025391533892821
safeobjworld_r_full,lowlight,0.6661021765863534,0.9578557171371542,0.0218420302252637,0.0034787567721699,0.2666096378671229,0.0027915417657325
safeobjworld_r_no_temporal,lowlight,0.5416462895747473,0.9141832917705736,0.0395885286783042,0.0069825436408977,0.2738778054862842,0.0025142789426129
safeobjworld_r_no_temporal,lowlight,0.6655869385542438,0.9583119475335043,0.0215568862275449,0.0033076703735386,0.2642144282862845,0.0028831436367023
safeobjworld_r_no_split,lowlight,0.5449695924776038,0.916427680798005,0.0384039900249376,0.0073877805486284,0.2642456359102244,0.0026202794775406
safeobjworld_r_no_split,lowlight,0.6699107268615965,0.9585400627316796,0.0191616766467065,0.0041060735671514,0.2818933561448531,0.0028625586870058
safeobjworld_r_no_area,lowlight,0.5419110824309533,0.9168640897755612,0.0373753117206982,0.006857855361596,0.28428927680798,0.0024765774545775
safeobjworld_r_no_area,lowlight,0.6646763042767391,0.957399486740804,0.022013116623895,0.0034787567721699,0.271285999429712,0.0028850288375492
safeobjworld_r_no_stress,lowlight,0.5466905123059453,0.9115648379052368,0.0438279301745635,0.00607855361596,0.2995947630922693,0.0028063729494581
safeobjworld_r_no_stress,lowlight,0.6775143670352973,0.9614485315084116,0.0189335614485315,0.0039920159680638,0.2769888793840889,0.002821098829356
safeobjworld_r_det,lowlight,0.5333541510656329,0.90963216957606,0.0451995012468827,0.0056421446384039,0.2247817955112219,0.0018588778567262
safeobjworld_r_det,lowlight,0.6671960399322061,0.9516966067864272,0.0244083262047333,0.0027373823781009,0.2924436840604505,0.0030495513940054
safeobjworld_r_image_only,lowlight,0.1201817409941116,0.360504987531172,0.4110660847880299,0.0084788029925187,0.6357231920199501,0.0171711264845143
safeobjworld_r_image_only,lowlight,0.1626364727266539,0.5228970630168235,0.18562874251497,0.0051325919589392,0.939093242087254,0.0204951564354713
safeobjworld_r_mask_only,lowlight,0.5378350560410348,0.9096945137157108,0.0444201995012468,0.0063279301745635,0.2795822942643391,0.0029050688710436
safeobjworld_r_mask_only,lowlight,0.6571080059775688,0.9560878243512974,0.0226974622184203,0.0037639007698887,0.2226974622184203,0.0030563408690167
object_token_full,lowlight,0.2850167063238455,0.855860349127182,0.0549251870324189,0.0082294264339152,0.1268391521197007,0.0135930384107368
object_token_full,lowlight,0.3373357817034868,0.8902195608782435,0.0434559452523524,0.0042201311662389,0.0565725691474194,0.0149974385570835
object_token_det,lowlight,0.282487513428542,0.8397443890274314,0.0596321695760598,0.006857855361596,0.1450124688279301,0.0017927461629569
object_token_det,lowlight,0.3597072485879694,0.8940404904476761,0.0438551468491588,0.0050185343598517,0.0980895352152837,0.0034934439722009
object_token_no_geom,lowlight,0.1121447607210919,0.4017456359102244,0.4384351620947631,0.0084788029925187,0.0342581047381546,0.0058829879415811
object_token_no_geom,lowlight,0.1193091267640756,0.4290846877673225,0.4100370687197034,0.0051325919589392,0.1647562018819504,0.0081042564642126
copy_last,noise,0.5144217110906346,0.868142144638404,0.0557668329177057,0.0084788029925187,0.4809850374064838,0.0
copy_last,noise,0.6267042922433199,0.9219846022241232,0.0334188765326489,0.0051325919589392,0.4781864841745081,0.0
linear_centroid,noise,0.5258047049854141,0.8610660847880299,0.0646197007481296,0.0084788029925187,0.4768391521197007,0.0002857486507726
linear_centroid,noise,0.6591703170096006,0.923239235814086,0.0313658397490732,0.0051325919589392,0.4771029369831765,0.000276207577197
linear_centroid_scale,noise,0.4977594635718718,0.842861596009975,0.0776807980049875,0.0073566084788029,0.4550498753117207,0.001477871505409
linear_centroid_scale,noise,0.6365146270211725,0.9179925862560592,0.034901625320787,0.0043912175648702,0.4619903051040775,0.0012572706094337
flow_warp,noise,0.5313970642894276,0.8623753117206983,0.0637468827930174,0.0084788029925187,0.5934850374064838,0.0015007822032356
flow_warp,noise,0.6683555853254789,0.9249500998003992,0.0304533789563729,0.0050185343598517,0.5384659252922726,0.0015719642530988
flow_linear_fallback,noise,0.5454132598400623,0.8716645885286783,0.0588216957605985,0.0084788029925187,0.5262780548628428,0.0014382944643267
flow_linear_fallback,noise,0.6755574579715039,0.9268890789848874,0.0289706301682349,0.0051325919589392,0.5203307670373538,0.0034538650371067
convlstm_base,noise,0.5402915785027405,0.9072007481296758,0.0464775561097256,0.0057980049875311,0.2656483790523691,0.0024797403174416
convlstm_base,noise,0.6745080673201074,0.9537496435700028,0.0272027373823781,0.0023381807812945,0.2940975192472198,0.0031082476182732
convlstm_stress,noise,0.5388365622997571,0.9063279301745636,0.0471945137157107,0.0058291770573566,0.2765897755610972,0.0023485464497159
convlstm_stress,noise,0.6700680930928703,0.954947248360422,0.025491873396065,0.0027373823781009,0.2820074137439406,0.0029975634369897
safeobjworld_r_full,noise,0.5396876525021079,0.915149625935162,0.0408354114713217,0.0067019950124688,0.2729114713216957,0.0026010005969547
safeobjworld_r_full,noise,0.6644469997418385,0.9576276019389792,0.0226404334188765,0.0031365839749073,0.2761334473909324,0.0029539358213908
safeobjworld_r_no_temporal,noise,0.5396817629343258,0.9152431421446384,0.0409912718204488,0.0067643391521197,0.2733790523690773,0.0025881283323164
safeobjworld_r_no_temporal,noise,0.6640318487844955,0.957684630738523,0.0226404334188765,0.0030795551753635,0.2741374394069005,0.0030282155523678
safeobjworld_r_no_split,noise,0.5430411621336672,0.9160536159600996,0.0391209476309226,0.0069201995012468,0.2702930174563591,0.0026791308905526
safeobjworld_r_no_split,noise,0.670029899730721,0.9584830339321356,0.0199030510407755,0.0039920159680638,0.2822355289421158,0.0028925366322238
safeobjworld_r_no_area,noise,0.5394004951117709,0.917581047381546,0.0379052369077306,0.0066084788029925,0.2793017456359102,0.0025415575585934
safeobjworld_r_no_area,noise,0.6636363386796238,0.9576276019389792,0.0229255774165953,0.003193612774451,0.2811519817507841,0.0031016458368426
safeobjworld_r_no_stress,noise,0.546035689652494,0.9123441396508728,0.0432668329177057,0.0062032418952618,0.3006546134663341,0.0027967200293952
safeobjworld_r_no_stress,noise,0.6768926593700765,0.9613344739093242,0.0191616766467065,0.0039349871685201,0.2757912745936698,0.0028210081986235
safeobjworld_r_det,noise,0.5382828886543383,0.911845386533666,0.0444513715710723,0.005860349127182,0.2302992518703241,0.0018334378181421
safeobjworld_r_det,noise,0.6685377574849304,0.9546621043627032,0.0258910749928714,0.0026233247790134,0.2826347305389221,0.0028691700658489
safeobjworld_r_image_only,noise,0.1177204244898599,0.3527743142144638,0.4223192019950125,0.0084788029925187,0.6229738154613467,0.0174624251412273
safeobjworld_r_image_only,noise,0.160543252075305,0.5169090390647277,0.1903621328771029,0.0051325919589392,0.940575990875392,0.0212188953890254
safeobjworld_r_mask_only,noise,0.5378350560410348,0.9096945137157108,0.0444201995012468,0.0063279301745635,0.2795822942643391,0.0029050688710436
safeobjworld_r_mask_only,noise,0.6571080059775688,0.9560878243512974,0.0226974622184203,0.0037639007698887,0.2226974622184203,0.0030563408690167
object_token_full,noise,0.2847329196099948,0.8560785536159601,0.0547381546134663,0.0083229426433915,0.1248129675810473,0.0135317864229104
object_token_full,noise,0.3361062745995143,0.8854291417165668,0.044539492443684,0.0039349871685201,0.0566295979469632,0.0149192736552027
object_token_det,noise,0.2762562991819596,0.8237531172069825,0.0677057356608478,0.0068266832917705,0.1461034912718204,0.0018035775296767
object_token_det,noise,0.3581927567994437,0.8927288280581693,0.0429997148560022,0.0050755631593954,0.0880524664955802,0.0035620099995825
object_token_no_geom,noise,0.109726730606386,0.3893703241895261,0.4511221945137157,0.0084788029925187,0.0317019950124688,0.0056770152090565
object_token_no_geom,noise,0.1173128305764481,0.4212147134302823,0.4197319646421443,0.0051325919589392,0.204448246364414,0.0082542887511199
copy_last,occlusion,0.4215289177898669,0.8336658354114713,0.0626558603491271,0.0084164588528678,0.8001870324189526,0.0
copy_last,occlusion,0.5101092812012304,0.9005988023952096,0.0376960364984317,0.0051325919589392,0.7944111776447106,0.0
linear_centroid,occlusion,0.4041088259463709,0.804145885286783,0.091147132169576,0.0083852867830423,0.7890274314214464,0.0007334156823399
linear_centroid,occlusion,0.5108872666090218,0.8931280296549757,0.0443684060450527,0.0051325919589392,0.7914456800684345,0.0007510297302402
linear_centroid_scale,occlusion,0.378899936368426,0.7801745635910224,0.1073877805486284,0.0074189526184538,0.7368453865336658,0.0027206651718027
linear_centroid_scale,occlusion,0.4906838729193153,0.8810949529512404,0.053207869974337,0.0043912175648702,0.7596236099230111,0.0022737251227328
flow_warp,occlusion,0.4353319238153018,0.8351309226932668,0.0617830423940149,0.0083852867830423,0.852493765586035,0.0016893709248976
flow_warp,occlusion,0.5379755651079978,0.9097234103222128,0.0311947533504419,0.0049615055603079,0.8209865982321072,0.0018506073197965
flow_linear_fallback,occlusion,0.4366728435408746,0.8357231920199502,0.0697007481296758,0.0084164588528678,0.8226309226932669,0.002139257736847
flow_linear_fallback,occlusion,0.5423389057969029,0.9122897063016824,0.0319931565440547,0.0049615055603079,0.815112631879099,0.0045538584030688
convlstm_base,occlusion,0.4481281075438922,0.88285536159601,0.0567331670822942,0.0049563591022443,0.5857543640897755,0.0033323810496399
convlstm_base,occlusion,0.5517579378865417,0.9348731109210152,0.0335899629312803,0.0019389791844881,0.6471628172226974,0.0041517670810958
convlstm_stress,occlusion,0.5152456850228443,0.9,0.0481296758104738,0.0052057356608478,0.3101620947630922,0.0025939840358619
convlstm_stress,occlusion,0.6247783607493939,0.9428001140575992,0.0279441117764471,0.0025662959794696,0.4183632734530938,0.0035602307810596
safeobjworld_r_full,occlusion,0.5167226606123173,0.9076683291770572,0.0395573566084788,0.0066708229426433,0.3271197007481297,0.0028920348368935
safeobjworld_r_full,occlusion,0.6313917402854091,0.9503279155973768,0.0232107214143142,0.002965497576276,0.3341317365269461,0.0032394306386687
safeobjworld_r_no_temporal,occlusion,0.5160375019714207,0.9079488778054864,0.0396197007481296,0.0068266832917705,0.3270885286783042,0.0029325971927261
safeobjworld_r_no_temporal,occlusion,0.6310335572492843,0.9493013972055888,0.0232107214143142,0.0030225263758197,0.3262617621899059,0.0033435636459635
safeobjworld_r_no_split,occlusion,0.5198624190798835,0.9098815461346632,0.0392456359102244,0.0067643391521197,0.3131546134663341,0.0028939521153384
safeobjworld_r_no_split,occlusion,0.6347023520670706,0.9518106643855146,0.0211006558311947,0.0035357855717137,0.3561448531508411,0.0032349749993749
safeobjworld_r_no_area,occlusion,0.5178641501409919,0.9099127182044888,0.0371259351620947,0.0067643391521197,0.297786783042394,0.0027924009925445
safeobjworld_r_no_area,occlusion,0.6304753076167027,0.9481037924151696,0.0229826062161391,0.0030795551753635,0.3335044197319646,0.0034044478981861
safeobjworld_r_no_stress,occlusion,0.4567282110794351,0.8907107231920199,0.0488466334164588,0.0055798004987531,0.6193266832917705,0.0036301698112006
safeobjworld_r_no_stress,occlusion,0.5626540262697701,0.9469632164242944,0.0230966638152266,0.0035357855717137,0.6455089820359281,0.0036998932048965
safeobjworld_r_det,occlusion,0.5144102433753068,0.9050498753117208,0.0442019950124688,0.0050187032418952,0.2157730673316708,0.001920012539899
safeobjworld_r_det,occlusion,0.6368934716648118,0.9446250356429996,0.0281151981750784,0.0025662959794696,0.3312802965497576,0.0032148520172399
safeobjworld_r_image_only,occlusion,0.2008112215881982,0.6709788029925187,0.1520573566084788,0.0084164588528678,0.6582605985037406,0.0126049543221318
safeobjworld_r_image_only,occlusion,0.2122988226172047,0.7071571143427431,0.0736241802110065,0.0051325919589392,0.8940975192472198,0.0148310033572662
safeobjworld_r_mask_only,occlusion,0.4951332995353749,0.8986596009975062,0.0492830423940149,0.0061097256857855,0.4680174563591022,0.0037648673861418
safeobjworld_r_mask_only,occlusion,0.604887251668515,0.946506986027944,0.0248075278015397,0.003193612774451,0.4427145708582834,0.0041051639323136
object_token_full,occlusion,0.284673015522932,0.8458541147132169,0.0590710723192019,0.008291770573566,0.1144638403990025,0.0135204088880353
object_token_full,occlusion,0.3253157700783595,0.8767037353863701,0.0503564299971485,0.0034217279726261,0.0572569147419446,0.0147974317959359
object_token_det,occlusion,0.2690071156149456,0.8005922693266833,0.0773067331670823,0.0068266832917705,0.1504364089775561,0.0018307841922715
object_token_det,occlusion,0.3520707961933136,0.8897633304818934,0.0465355004277159,0.0050185343598517,0.1011120615911035,0.003732420005933
object_token_no_geom,occlusion,0.1017702241733318,0.3628740648379052,0.4811097256857855,0.0084788029925187,0.0294576059850374,0.0055447184285827
object_token_no_geom,occlusion,0.1110428887048602,0.3989164528086684,0.4402623324779013,0.0051325919589392,0.2120901055032791,0.0078908386297408
