method,stress,max_h,iou,boundary_f,jf,ops,vanish,hallucination,split,mce,uncertainty,uec,ece_iou50,brier_iou50,aurc_unc,selective_jf_80,n_samples
convlstm_base,blur,10,0.535600147955823,0.5441514524682041,0.5398758002120135,0.9072630922693268,0.0468827930174563,0.0057668329177057,0.2573254364089775,0.0024510118615167,0.0,,0.3891965847378805,0.38903374292904,0.501172801351177,0.5347313284873962,3208
convlstm_base,clean,10,0.5354404677515584,0.5445212465961069,0.5399808571738327,0.9070137157107232,0.0466022443890274,0.0057668329177057,0.2646508728179551,0.0024811851650356,0.0,,0.3898504788367231,0.3896599854094132,0.5012067190459126,0.5347964763641357,3208
convlstm_base,distractor,10,0.5360465457834751,0.5456985483742398,0.5408725470788575,0.906639650872818,0.0474127182044887,0.0057980049875311,0.2635598503740648,0.0025092131118268,0.0,,0.3881840455691862,0.3880497095293534,0.500815273744028,0.5356209874153137,3208
convlstm_base,frame_drop,10,0.5012891736507712,0.4925344810407396,0.4969118273457554,0.8874688279301746,0.0585099750623441,0.0057044887780548,0.2887468827930174,0.0034865888864961,0.0,,0.4346062110490781,0.433794192542459,0.5405195466207918,0.4887346625328064,3208
convlstm_base,lowlight,10,0.5327435657353975,0.5395684803242962,0.5361560230298468,0.8961346633416459,0.0560473815461346,0.0056421446384039,0.2519950124688279,0.0025604512042349,0.0,,0.3917347696728243,0.3921709698483236,0.5068880571251577,0.530349612236023,3208
convlstm_base,noise,10,0.5355920558948638,0.544991101110617,0.5402915785027405,0.9072007481296758,0.0464775561097256,0.0057980049875311,0.2656483790523691,0.0024797403174416,0.0,,0.3896807682521622,0.3894959973947068,0.5010832422563318,0.535068154335022,3208
convlstm_base,occlusion,10,0.4046998747387835,0.4915563403490011,0.4481281075438922,0.88285536159601,0.0567331670822942,0.0049563591022443,0.5857543640897755,0.0033323810496399,0.0,,0.6172763861734374,0.6122498583169352,0.6184297643506999,0.4430929124355316,3208
convlstm_base,blur,5,0.6436624806673585,0.7056175487537412,0.6746400147105499,0.9540347875677218,0.0275449101796407,0.0023381807812945,0.2920444824636441,0.0030848178742437,0.0,,0.2292114902433248,0.2324550920855737,0.3891563130199547,0.6676251292228699,3507
convlstm_base,clean,5,0.6434221531159178,0.7055311739964358,0.6744766635561769,0.9537496435700028,0.0271457085828343,0.0023381807812945,0.2934131736526946,0.0031176162495082,0.0,,0.2296812192748542,0.2328721922756703,0.3893943896865795,0.667464554309845,3507
convlstm_base,distractor,5,0.643889438010463,0.7063535860243418,0.6751215120174024,0.954491017964072,0.0270886797832905,0.0023381807812945,0.2935272312517821,0.0031045050985779,0.0,,0.2279098510402269,0.2312053145796681,0.3887463604732628,0.6682237386703491,3507
convlstm_base,frame_drop,5,0.5909969681517139,0.6332382987206069,0.6121176334361604,0.9374964357000284,0.0339321357285429,0.0020530367835757,0.3367550613059595,0.004845007474875,0.0,,0.293713313485606,0.2973420160259315,0.4494549153010324,0.6024201512336731,3507
convlstm_base,lowlight,5,0.6411714661017585,0.7015048274515939,0.6713381467766762,0.9539207299686342,0.0242942686056458,0.002452238380382,0.3063016823495865,0.0033921768695435,0.0,,0.2330272135008492,0.2364588177982544,0.3907818170942279,0.6644710302352905,3507
convlstm_base,noise,5,0.6434333601092772,0.7055827745309377,0.6745080673201074,0.9537496435700028,0.0272027373823781,0.0023381807812945,0.2940975192472198,0.0031082476182732,0.0,,0.230315479720322,0.2334884364821817,0.3893838688532852,0.6674852967262268,3507
convlstm_base,occlusion,5,0.4782424946464025,0.6252733811266805,0.5517579378865417,0.9348731109210152,0.0335899629312803,0.0019389791844881,0.6471628172226974,0.0041517670810958,0.0,,0.4630657036215415,0.4622891439547184,0.541392105173654,0.5462842583656311,3507
convlstm_stress,blur,10,0.5332809339909872,0.5439509906376593,0.5386159623143233,0.90642144638404,0.0475374064837905,0.0057356608478802,0.2716957605985037,0.0023897739989106,0.0,,0.3929002956206215,0.3928541963088542,0.5028320584686734,0.5350968837738037,3208
convlstm_stress,clean,10,0.5328641279672546,0.5438901788378194,0.538377153402537,0.9063279301745636,0.047288029925187,0.0058291770573566,0.2756234413965087,0.0023852083391459,0.0,,0.3936419881787383,0.393582335493511,0.5032096454095633,0.5348479747772217,3208
convlstm_stress,distractor,10,0.5343382332689596,0.5465833447457622,0.5404607890073609,0.9068266832917704,0.0466957605985037,0.0055798004987531,0.2758416458852867,0.0023607588564521,0.0,,0.3905691765007236,0.3905742326876766,0.501477960572234,0.5366054773330688,3208
convlstm_stress,frame_drop,10,0.5249988271247026,0.5324030354708831,0.5287009312977928,0.9024937655860348,0.049002493765586,0.0054551122194513,0.2779613466334165,0.0025737956220924,0.0,,0.4069296334003867,0.4065350093597783,0.5105369159988025,0.5234312415122986,3208
convlstm_stress,lowlight,10,0.5390199155705903,0.5528892874480463,0.5459546015093183,0.906577306733167,0.0452618453865336,0.0058915211970074,0.2783977556109726,0.0024271233651456,0.0,,0.3868043314953546,0.3868694723767235,0.4992661417477524,0.5392969846725464,3208
convlstm_stress,noise,10,0.533111552702481,0.5445615718970329,0.5388365622997571,0.9063279301745636,0.0471945137157107,0.0058291770573566,0.2765897755610972,0.0023485464497159,0.0,,0.3931715731646057,0.3931361490131316,0.5030935318504431,0.5351759195327759,3208
convlstm_stress,occlusion,10,0.5112961628573087,0.5191952071883797,0.5152456850228443,0.9,0.0481296758104738,0.0052057356608478,0.3101620947630922,0.0025939840358619,0.0,,0.4195395095055537,0.4194090099777664,0.525529132168174,0.5107170343399048,3208
convlstm_stress,blur,5,0.6399737688212298,0.7004872026430644,0.670230485732147,0.9550042771599658,0.0255489021956087,0.0026803535785571,0.279441117764471,0.0029413519060392,0.0,,0.2326010987736202,0.2360871913666258,0.3933680502203413,0.6632939577102661,3507
convlstm_stress,clean,5,0.639654251131725,0.70038790864829,0.6700210798900075,0.9550613059595096,0.0255489021956087,0.0026803535785571,0.2819503849443969,0.002992841972984,0.0,,0.2333449084499741,0.2367613783309627,0.3938033288456135,0.6630735397338867,3507
convlstm_stress,distractor,5,0.6403070072050069,0.7012269910385797,0.6707669991217933,0.9556315939549472,0.0253778157969774,0.0026233247790134,0.2798973481608212,0.00290973202846,0.0,,0.2320546272781998,0.2355016345205489,0.3929855949618416,0.6639840006828308,3507
convlstm_stress,frame_drop,5,0.6249732849091298,0.6791173108593919,0.652045297884261,0.9501568291987452,0.0282862845737097,0.0025092671799258,0.2842315369261477,0.0034387788144414,0.0,,0.2512956193821158,0.2549307564299501,0.4092353174357984,0.6439712643623352,3507
convlstm_stress,lowlight,5,0.6396370324981976,0.7013193498045994,0.6704781911513985,0.9573424579412604,0.0219560878243512,0.0028514399771884,0.2914741944682064,0.002933253149095,0.0,,0.2337528186745884,0.2370738093384589,0.3928468251186102,0.6637361645698547,3507
convlstm_stress,noise,5,0.6396978867499902,0.7004382994357505,0.6700680930928703,0.954947248360422,0.025491873396065,0.0027373823781009,0.2820074137439406,0.0029975634369897,0.0,,0.2327420918935379,0.2361559421478393,0.3937852180284646,0.6631057858467102,3507
convlstm_stress,occlusion,5,0.5919655065038255,0.6575912149949623,0.6247783607493939,0.9428001140575992,0.0279441117764471,0.0025662959794696,0.4183632734530938,0.0035602307810596,0.0,,0.2760471691016563,0.2791489159241679,0.4415417170696664,0.6153438687324524,3507
copy_last,blur,10,0.4670797084557972,0.5617637137254718,0.5144217110906346,0.868142144638404,0.0557668329177057,0.0084788029925187,0.4809850374064838,0.0,0.0,,0.5206982493400574,0.5206982543640898,0.5938232824180851,0.5103079676628113,3208
copy_last,clean,10,0.4670797084557972,0.5617637137254718,0.5144217110906346,0.868142144638404,0.0557668329177057,0.0084788029925187,0.4809850374064838,0.0,0.0,,0.5206982493400574,0.5206982543640898,0.5938232824180851,0.5103079676628113,3208
copy_last,distractor,10,0.4670797084557972,0.5617637137254718,0.5144217110906346,0.868142144638404,0.0557668329177057,0.0084788029925187,0.4809850374064838,0.0,0.0,,0.5206982493400574,0.5206982543640898,0.5938232824180851,0.5103079676628113,3208
copy_last,frame_drop,10,0.4670797084557972,0.5617637137254718,0.5144217110906346,0.868142144638404,0.0557668329177057,0.0084788029925187,0.4809850374064838,0.0,0.0,,0.5206982493400574,0.5206982543640898,0.5938232824180851,0.5103079676628113,3208
copy_last,lowlight,10,0.4670797084557972,0.5617637137254718,0.5144217110906346,0.868142144638404,0.0557668329177057,0.0084788029925187,0.4809850374064838,0.0,0.0,,0.5206982493400574,0.5206982543640898,0.5938232824180851,0.5103079676628113,3208
copy_last,noise,10,0.4670797084557972,0.5617637137254718,0.5144217110906346,0.868142144638404,0.0557668329177057,0.0084788029925187,0.4809850374064838,0.0,0.0,,0.5206982493400574,0.5206982543640898,0.5938232824180851,0.5103079676628113,3208
copy_last,occlusion,10,0.3378782688260449,0.5051795667536888,0.4215289177898669,0.8336658354114713,0.0626558603491271,0.0084164588528678,0.8001870324189526,0.0,0.0,,0.7588528394699097,0.7588528678304239,0.7017612352578616,0.4192419946193695,3208
copy_last,blur,5,0.5646566328699503,0.6887519516166893,0.6267042922433199,0.9219846022241232,0.0334188765326489,0.0051325919589392,0.4781864841745081,0.0,0.0,,0.3661819100379944,0.3661819218705446,0.4901883078988218,0.6213588714599609,3507
copy_last,clean,5,0.5646566328699503,0.6887519516166893,0.6267042922433199,0.9219846022241232,0.0334188765326489,0.0051325919589392,0.4781864841745081,0.0,0.0,,0.3661819100379944,0.3661819218705446,0.4901883078988218,0.6213588714599609,3507
copy_last,distractor,5,0.5646566328699503,0.6887519516166893,0.6267042922433199,0.9219846022241232,0.0334188765326489,0.0051325919589392,0.4781864841745081,0.0,0.0,,0.3661819100379944,0.3661819218705446,0.4901883078988218,0.6213588714599609,3507
copy_last,frame_drop,5,0.5646566328699503,0.6887519516166893,0.6267042922433199,0.9219846022241232,0.0334188765326489,0.0051325919589392,0.4781864841745081,0.0,0.0,,0.3661819100379944,0.3661819218705446,0.4901883078988218,0.6213588714599609,3507
copy_last,lowlight,5,0.5646566328699503,0.6887519516166893,0.6267042922433199,0.9219846022241232,0.0334188765326489,0.0051325919589392,0.4781864841745081,0.0,0.0,,0.3661819100379944,0.3661819218705446,0.4901883078988218,0.6213588714599609,3507
copy_last,noise,5,0.5646566328699503,0.6887519516166893,0.6267042922433199,0.9219846022241232,0.0334188765326489,0.0051325919589392,0.4781864841745081,0.0,0.0,,0.3661819100379944,0.3661819218705446,0.4901883078988218,0.6213588714599609,3507
copy_last,occlusion,5,0.4073999099176179,0.6128186524848432,0.5101092812012304,0.9005988023952096,0.0376960364984317,0.0051325919589392,0.7944111776447106,0.0,0.0,,0.635699987411499,0.6357000285143998,0.6280250032691668,0.5079520344734192,3507
flow_linear_fallback,blur,10,0.4960493791813128,0.5951538449808782,0.5456016120810955,0.8715399002493766,0.0586346633416458,0.0084788029925187,0.523285536159601,0.0014427175451776,0.0,,0.4744700789451599,0.4744700748129676,0.5425236258983815,0.5384515523910522,3208
flow_linear_fallback,clean,10,0.4960443287293223,0.594912740811789,0.5454785347705556,0.8716645885286783,0.0588840399002493,0.0084788029925187,0.5227244389027431,0.0014340785144056,0.0,,0.4746259450912475,0.4746259351620948,0.5425147794957152,0.5383529663085938,3208
flow_linear_fallback,distractor,10,0.4963450344847096,0.595960383814253,0.5461527091494813,0.8725997506234414,0.0566708229426433,0.0084164588528678,0.525997506234414,0.0014323707369021,0.0,,0.4739713072776794,0.4739713216957606,0.5426469570972379,0.5390123724937439,3208
flow_linear_fallback,frame_drop,10,0.3959702027764232,0.4672772317836142,0.4316237172800187,0.7749064837905237,0.1249064837905236,0.0074189526184538,0.546571072319202,0.002980664555535,0.0,,0.6117206811904907,0.611720698254364,0.652899032528203,0.422255128622055,3208
flow_linear_fallback,lowlight,10,0.4967731413369624,0.5961701620540956,0.5464716516955289,0.8724750623441396,0.0582605985037406,0.0084788029925187,0.5254052369077307,0.0014141836701588,0.0,,0.4734725952148437,0.4734725685785536,0.541905895037336,0.5393372178077698,3208
flow_linear_fallback,noise,10,0.4960280119307476,0.594798507749377,0.5454132598400623,0.8716645885286783,0.0588216957605985,0.0084788029925187,0.5262780548628428,0.0014382944643267,0.0,,0.4746882915496826,0.4746882793017456,0.5424772307679515,0.5382397174835205,3208
flow_linear_fallback,occlusion,10,0.3497757402201001,0.523569946861649,0.4366728435408746,0.8357231920199502,0.0697007481296758,0.0084164588528678,0.8226309226932669,0.002139257736847,0.0,,0.7264338731765747,0.7264339152119701,0.6756527913005451,0.4324389398097992,3208
flow_linear_fallback,blur,5,0.6070606094725832,0.7446759596135882,0.6758682845430858,0.9274023381807812,0.0286854861705161,0.0051325919589392,0.5183347590533219,0.0034545344157098,0.0,,0.3047618865966797,0.3047619047619048,0.4232347153575305,0.6698196530342102,3507
flow_linear_fallback,clean,5,0.6069984018668083,0.744218366685142,0.6756083842759751,0.9276304533789564,0.0288565725691474,0.0051325919589392,0.5182207014542344,0.0034445075827978,0.0,,0.3045908212661743,0.3045908183632734,0.4232651268572168,0.6695379614830017,3507
flow_linear_fallback,distractor,5,0.6057330658617245,0.743621855825444,0.6746774608435843,0.9284288565725692,0.0289706301682349,0.0051325919589392,0.5206159110350728,0.0034175337876751,0.0,,0.3057883977890014,0.3057884231536926,0.4258742835093262,0.6687085032463074,3507
flow_linear_fallback,frame_drop,5,0.5056574922513847,0.606640682272008,0.5561490872616962,0.8707727402338181,0.0628457370972341,0.0047904191616766,0.5457085828343313,0.0066576430660847,0.0,,0.447562038898468,0.4475620188195038,0.5407806881763549,0.5450338125228882,3507
flow_linear_fallback,lowlight,5,0.6078534949355613,0.7461291974412321,0.6769913461883966,0.9285429141716568,0.0281151981750784,0.0051325919589392,0.5190191046478472,0.0033744341901484,0.0,,0.3033362030982971,0.3033361847733105,0.422516362568363,0.6709585785865784,3507
flow_linear_fallback,noise,5,0.6069725396723714,0.7441423762706366,0.6755574579715039,0.9268890789848874,0.0289706301682349,0.0051325919589392,0.5203307670373538,0.0034538650371067,0.0,,0.3043056726455688,0.3043056743655546,0.4232478487177587,0.6694302558898926,3507
flow_linear_fallback,occlusion,5,0.43079592749007,0.6538818841037357,0.5423389057969029,0.9122897063016824,0.0319931565440547,0.0049615055603079,0.815112631879099,0.0045538584030688,0.0,,0.5796407461166382,0.5796407185628742,0.5888157143589443,0.5399585366249084,3507
flow_warp,blur,10,0.4828145262140117,0.5807494223206521,0.5317819742673319,0.8628740648379052,0.0634039900249376,0.0084788029925187,0.5938902743142145,0.0015273127487986,0.0,,0.4899314045906067,0.489931421446384,0.556248585144042,0.5246608853340149,3208
flow_warp,clean,10,0.4826991642889011,0.5802424352964175,0.5314707997926593,0.8630299251870324,0.0641521197007481,0.0084164588528678,0.5971945137157108,0.0015035365284856,0.0,,0.4901807904243469,0.4901807980049875,0.5563183645013752,0.5243740081787109,3208
flow_warp,distractor,10,0.4829400019303469,0.582900232261579,0.532920117095963,0.8647443890274314,0.0601932668329177,0.0083541147132169,0.6017456359102245,0.0014905221918906,0.0,,0.4903678297996521,0.4903678304239401,0.5573335747521878,0.5258895754814148,3208
flow_warp,frame_drop,10,0.3844681962323934,0.4612305764010828,0.4228493863167381,0.7663653366583542,0.1283665835411471,0.0072630922693266,0.6394638403990025,0.0031699178320314,0.0,,0.6201371550559998,0.6201371571072319,0.6654480769170528,0.4125120341777801,3208
flow_warp,lowlight,10,0.484354435561901,0.5829447591242419,0.5336495973430714,0.8641521197007481,0.0623129675810473,0.008291770573566,0.5966334164588528,0.0013987712274671,0.0,,0.4877805709838867,0.4877805486284289,0.554767100517183,0.5264825224876404,3208
flow_warp,noise,10,0.4827075751582246,0.5800865534206303,0.5313970642894276,0.8623753117206983,0.0637468827930174,0.0084788029925187,0.5934850374064838,0.0015007822032356,0.0,,0.4900872707366943,0.4900872817955112,0.5562407225201315,0.5242146849632263,3208
flow_warp,occlusion,10,0.3477245646182513,0.5229392830123523,0.4353319238153018,0.8351309226932668,0.0617830423940149,0.0083852867830423,0.852493765586035,0.0016893709248976,0.0,,0.7289900183677673,0.7289900249376559,0.6802658486339653,0.4319650530815124,3208
flow_warp,blur,5,0.6005990841369363,0.7365512521868002,0.6685751681618681,0.925235243798118,0.0298830909609352,0.0051325919589392,0.5372683205018535,0.0015987488462339,0.0,,0.3141716718673706,0.3141716566866267,0.4305318828654173,0.662588894367218,3507
flow_warp,clean,5,0.6005106884085635,0.7360774618296548,0.6682940751191091,0.9255774165953806,0.0301112061591103,0.0051325919589392,0.5376675220986599,0.0015904295542703,0.0,,0.3141716718673706,0.3141716566866267,0.4305747993418345,0.6622976064682007,3507
flow_warp,distractor,5,0.5987861717475563,0.7350555072621701,0.6669208395048631,0.926489877388081,0.0302252637581978,0.0051325919589392,0.5386370116909039,0.0015953414977697,0.0,,0.3153122067451477,0.3153122326775021,0.4340593495882985,0.6610600352287292,3507
flow_warp,frame_drop,5,0.4984089395449799,0.5990095409110625,0.5487092402280211,0.8663815226689479,0.0659252922725976,0.0046763615625891,0.5683490162532079,0.0029225601584572,0.0,,0.4561163187026977,0.4561163387510693,0.547561785914239,0.5374482870101929,3507
flow_warp,lowlight,5,0.6017164784192427,0.7385004218171214,0.6701084501181821,0.9259195893926432,0.0289136013686911,0.0050185343598517,0.5375534644995723,0.0014899075909702,0.0,,0.3124037384986877,0.3124037639007699,0.4293280032177606,0.6641268730163574,3507
flow_warp,noise,5,0.6006096773195695,0.7361014933313882,0.6683555853254789,0.9249500998003992,0.0304533789563729,0.0050185343598517,0.5384659252922726,0.0015719642530988,0.0,,0.3142856955528259,0.3142857142857143,0.430321624301973,0.6623102426528931,3507
flow_warp,occlusion,5,0.4271951064014479,0.6487560238145477,0.5379755651079978,0.9097234103222128,0.0311947533504419,0.0049615055603079,0.8209865982321072,0.0018506073197965,0.0,,0.5857428312301636,0.5857428001140575,0.5934941760984979,0.5360747575759888,3507
linear_centroid,blur,10,0.4806227857749867,0.5709866241958417,0.5258047049854141,0.8610660847880299,0.0646197007481296,0.0084788029925187,0.4768391521197007,0.0002857486507726,0.0,,0.4942955374717712,0.4942955112219451,0.560995100062322,0.5188043713569641,3208
linear_centroid,clean,10,0.4806227857749867,0.5709866241958417,0.5258047049854141,0.8610660847880299,0.0646197007481296,0.0084788029925187,0.4768391521197007,0.0002857486507726,0.0,,0.4942955374717712,0.4942955112219451,0.560995100062322,0.5188043713569641,3208
linear_centroid,distractor,10,0.4806227857749867,0.5709866241958417,0.5258047049854141,0.8610660847880299,0.0646197007481296,0.0084788029925187,0.4768391521197007,0.0002857486507726,0.0,,0.4942955374717712,0.4942955112219451,0.560995100062322,0.5188043713569641,3208
linear_centroid,frame_drop,10,0.3841643909759072,0.4500077983253161,0.4170860946506117,0.7599438902743142,0.14214463840399,0.0078865336658354,0.4694825436408977,0.0007402764033232,0.0,,0.6307979822158813,0.6307980049875311,0.6615244486683195,0.4124967753887176,3208
linear_centroid,lowlight,10,0.4806227857749867,0.5709866241958417,0.5258047049854141,0.8610660847880299,0.0646197007481296,0.0084788029925187,0.4768391521197007,0.0002857486507726,0.0,,0.4942955374717712,0.4942955112219451,0.560995100062322,0.5188043713569641,3208
linear_centroid,noise,10,0.4806227857749867,0.5709866241958417,0.5258047049854141,0.8610660847880299,0.0646197007481296,0.0084788029925187,0.4768391521197007,0.0002857486507726,0.0,,0.4942955374717712,0.4942955112219451,0.560995100062322,0.5188043713569641,3208
linear_centroid,occlusion,10,0.326550711474477,0.4816669404182647,0.4041088259463709,0.804145885286783,0.091147132169576,0.0083852867830423,0.7890274314214464,0.0007334156823399,0.0,,0.7607855200767517,0.760785536159601,0.6984314395458385,0.4005197286605835,3208
linear_centroid,blur,5,0.593941043518728,0.7243995905004732,0.6591703170096006,0.923239235814086,0.0313658397490732,0.0051325919589392,0.4771029369831765,0.000276207577197,0.0,,0.3154833316802978,0.3154833190761335,0.4388348860039141,0.6537544131278992,3507
linear_centroid,clean,5,0.593941043518728,0.7243995905004732,0.6591703170096006,0.923239235814086,0.0313658397490732,0.0051325919589392,0.4771029369831765,0.000276207577197,0.0,,0.3154833316802978,0.3154833190761335,0.4388348860039141,0.6537544131278992,3507
linear_centroid,distractor,5,0.593941043518728,0.7243995905004732,0.6591703170096006,0.923239235814086,0.0313658397490732,0.0051325919589392,0.4771029369831765,0.000276207577197,0.0,,0.3154833316802978,0.3154833190761335,0.4388348860039141,0.6537544131278992,3507
linear_centroid,frame_drop,5,0.4995651581315946,0.5979098656510791,0.5487375118913369,0.8689478186484174,0.0643284858853721,0.0051325919589392,0.4745366410037068,0.0008509625388519,0.0,,0.4631879329681396,0.4631879098944967,0.5446907754923168,0.5430164337158203,3507
linear_centroid,lowlight,5,0.593941043518728,0.7243995905004732,0.6591703170096006,0.923239235814086,0.0313658397490732,0.0051325919589392,0.4771029369831765,0.000276207577197,0.0,,0.3154833316802978,0.3154833190761335,0.4388348860039141,0.6537544131278992,3507
linear_centroid,noise,5,0.593941043518728,0.7243995905004732,0.6591703170096006,0.923239235814086,0.0313658397490732,0.0051325919589392,0.4771029369831765,0.000276207577197,0.0,,0.3154833316802978,0.3154833190761335,0.4388348860039141,0.6537544131278992,3507
linear_centroid,occlusion,5,0.4083935160469675,0.6133810171710762,0.5108872666090218,0.8931280296549757,0.0443684060450527,0.0051325919589392,0.7914456800684345,0.0007510297302402,0.0,,0.6254348754882812,0.6254348445965212,0.6122711220395802,0.5087040066719055,3507
linear_centroid_scale,blur,10,0.4583191024097595,0.5371998247339842,0.4977594635718718,0.842861596009975,0.0776807980049875,0.0073566084788029,0.4550498753117207,0.001477871505409,0.0,,0.5229114294052124,0.5229114713216958,0.5765178953301279,0.4960640966892242,3208
linear_centroid_scale,clean,10,0.4583191024097595,0.5371998247339842,0.4977594635718718,0.842861596009975,0.0776807980049875,0.0073566084788029,0.4550498753117207,0.001477871505409,0.0,,0.5229114294052124,0.5229114713216958,0.5765178953301279,0.4960640966892242,3208
linear_centroid_scale,distractor,10,0.4583191024097595,0.5371998247339842,0.4977594635718718,0.842861596009975,0.0776807980049875,0.0073566084788029,0.4550498753117207,0.001477871505409,0.0,,0.5229114294052124,0.5229114713216958,0.5765178953301279,0.4960640966892242,3208
linear_centroid_scale,frame_drop,10,0.3730125551745648,0.4277363171816589,0.4003744361781118,0.757138403990025,0.1463840399002493,0.006359102244389,0.4498441396508728,0.0026991042760647,0.0,,0.6487219333648682,0.6487219451371571,0.6637815050194936,0.3990277945995331,3208
linear_centroid_scale,lowlight,10,0.4583191024097595,0.5371998247339842,0.4977594635718718,0.842861596009975,0.0776807980049875,0.0073566084788029,0.4550498753117207,0.001477871505409,0.0,,0.5229114294052124,0.5229114713216958,0.5765178953301279,0.4960640966892242,3208
linear_centroid_scale,noise,10,0.4583191024097595,0.5371998247339842,0.4977594635718718,0.842861596009975,0.0776807980049875,0.0073566084788029,0.4550498753117207,0.001477871505409,0.0,,0.5229114294052124,0.5229114713216958,0.5765178953301279,0.4960640966892242,3208
linear_centroid_scale,occlusion,10,0.3083148861037568,0.4494849866330953,0.378899936368426,0.7801745635910224,0.1073877805486284,0.0074189526184538,0.7368453865336658,0.0027206651718027,0.0,,0.788372814655304,0.7883728179551123,0.7106092286268324,0.3786372542381286,3208
linear_centroid_scale,blur,5,0.5753852469118955,0.6976440071304493,0.6365146270211725,0.9179925862560592,0.034901625320787,0.0043912175648702,0.4619903051040775,0.0012572706094337,0.0,,0.3406900763511657,0.3406900484744796,0.4577607351412428,0.6327860951423645,3507
linear_centroid_scale,clean,5,0.5753852469118955,0.6976440071304493,0.6365146270211725,0.9179925862560592,0.034901625320787,0.0043912175648702,0.4619903051040775,0.0012572706094337,0.0,,0.3406900763511657,0.3406900484744796,0.4577607351412428,0.6327860951423645,3507
linear_centroid_scale,distractor,5,0.5753852469118955,0.6976440071304493,0.6365146270211725,0.9179925862560592,0.034901625320787,0.0043912175648702,0.4619903051040775,0.0012572706094337,0.0,,0.3406900763511657,0.3406900484744796,0.4577607351412428,0.6327860951423645,3507
linear_centroid_scale,frame_drop,5,0.4877555755301147,0.5767255279003523,0.5322405517152334,0.8634160250926718,0.0697462218420302,0.0043912175648702,0.4627887082976903,0.0024691634273416,0.0,,0.479155957698822,0.4791559737667522,0.5530130690447504,0.5281761884689331,3507
linear_centroid_scale,lowlight,5,0.5753852469118955,0.6976440071304493,0.6365146270211725,0.9179925862560592,0.034901625320787,0.0043912175648702,0.4619903051040775,0.0012572706094337,0.0,,0.3406900763511657,0.3406900484744796,0.4577607351412428,0.6327860951423645,3507
linear_centroid_scale,noise,5,0.5753852469118955,0.6976440071304493,0.6365146270211725,0.9179925862560592,0.034901625320787,0.0043912175648702,0.4619903051040775,0.0012572706094337,0.0,,0.3406900763511657,0.3406900484744796,0.4577607351412428,0.6327860951423645,3507
linear_centroid_scale,occlusion,5,0.3935890630866306,0.587778682752,0.4906838729193153,0.8810949529512404,0.053207869974337,0.0043912175648702,0.7596236099230111,0.0022737251227328,0.0,,0.6535500288009644,0.6535500427715997,0.6262274655148846,0.4888016879558563,3507
object_token_det,blur,10,0.3035580997344952,0.2453119820214851,0.2744350408779902,0.82035536159601,0.0674251870324189,0.0068266832917705,0.1470698254364089,0.0018852582596498,0.0,,0.794488175670405,0.7834874231396173,0.7184625577252833,0.2743344008922577,3208
object_token_det,clean,10,0.3048801938232507,0.2461791951890528,0.2755296945061518,0.8220386533665835,0.0671134663341646,0.0068266832917705,0.1469763092269326,0.0018051565747084,0.0,,0.7932892849060365,0.7824286785431931,0.7162868898589878,0.2752457857131958,3208
object_token_det,distractor,10,0.3082397198636998,0.2460773627876224,0.2771585413256612,0.8260598503740648,0.0654613466334164,0.0068266832917705,0.1475374064837905,0.0018374000481914,0.0,,0.7909281590781604,0.7798951955581841,0.7153899251043638,0.2767820954322815,3208
object_token_det,frame_drop,10,0.3033491993154725,0.2449100151659784,0.2741296072407256,0.8207605985037406,0.0680486284289276,0.0068266832917705,0.1484102244389027,0.0018413671685476,0.0,,0.7962520372429096,0.7851434587391832,0.717733601557262,0.2738654315471649,3208
object_token_det,lowlight,10,0.3169459590630006,0.2480290677940833,0.282487513428542,0.8397443890274314,0.0596321695760598,0.006857855361596,0.1450124688279301,0.0017927461629569,0.0,,0.7901774163369526,0.7783275673439972,0.7045554865688366,0.2801452279090881,3208
object_token_det,noise,10,0.3057942072983652,0.246718391065554,0.2762562991819596,0.8237531172069825,0.0677057356608478,0.0068266832917705,0.1461034912718204,0.0018035775296767,0.0,,0.7930767162389439,0.7822485560862501,0.7156458152348195,0.2757169604301452,3208
object_token_det,occlusion,10,0.2934650264738974,0.2445492047559937,0.2690071156149456,0.8005922693266833,0.0773067331670823,0.0068266832917705,0.1504364089775561,0.0018307841922715,0.0,,0.8023153754541107,0.7922794998286669,0.7281820829339086,0.2697398960590362,3208
object_token_det,blur,5,0.3967482589967026,0.3189191608086215,0.3578337099026621,0.8930139720558882,0.0438551468491588,0.0050755631593954,0.0900484744796122,0.0035873989324079,0.0,,0.6384104455982411,0.6364135784337348,0.6312649745806049,0.352043479681015,3507
object_token_det,clean,5,0.3967859529100979,0.3188274765482436,0.3578067147291707,0.8924436840604505,0.0429997148560022,0.0050755631593954,0.0871970345024237,0.0035617247088758,0.0,,0.6374085395024106,0.6352972328136,0.6313053478418512,0.3515893816947937,3507
object_token_det,distractor,5,0.3992862451371026,0.3205634188248886,0.3599248319809957,0.8930139720558882,0.0429426860564585,0.0050755631593954,0.0901055032791559,0.003556356365198,0.0,,0.6296073080842775,0.6277991369914764,0.6297423244656052,0.353834331035614,3507
object_token_det,frame_drop,5,0.3954446050893809,0.3176077460224847,0.3565261755559328,0.890846877673225,0.0443113772455089,0.0051325919589392,0.0910179640718562,0.0038410663347326,0.0,,0.6363988022978299,0.6343105773963852,0.6311743483168826,0.350762277841568,3507
object_token_det,lowlight,5,0.3987170350915527,0.320697462084386,0.3597072485879694,0.8940404904476761,0.0438551468491588,0.0050185343598517,0.0980895352152837,0.0034934439722009,0.0,,0.642199216515786,0.6398536049609242,0.6267332119208295,0.3540621697902679,3507
object_token_det,noise,5,0.3971840494159189,0.3192014641829686,0.3581927567994437,0.8927288280581693,0.0429997148560022,0.0050755631593954,0.0880524664955802,0.0035620099995825,0.0,,0.6376390984366347,0.6355579787657613,0.6309270528149917,0.3518815338611603,3507
object_token_det,occlusion,5,0.386099035346043,0.3180425570405843,0.3520707961933136,0.8897633304818934,0.0465355004277159,0.0050185343598517,0.1011120615911035,0.003732420005933,0.0,,0.6659875549888014,0.6631660971302982,0.6397456974384359,0.346999853849411,3507
object_token_full,blur,10,0.328956431481491,0.2402043418353691,0.28458038665843,0.8562032418952619,0.0545199501246882,0.0083229426433915,0.1255299251870324,0.0135369720869712,0.0024793422838993,-0.2278088801751418,0.7697330738745277,0.755123108313268,0.7300328483486225,0.2808223664760589,3208
object_token_full,clean,10,0.3288203451742073,0.2402939047977252,0.2845571249859662,0.856140897755611,0.0547069825436409,0.0083229426433915,0.1246882793017456,0.0135352531273401,0.0024765104910084,-0.2267991031775036,0.770326842397377,0.7556893899256452,0.7299141697782692,0.2808734774589538,3208
object_token_full,distractor,10,0.3283992419544487,0.2400965067412067,0.2842478743478276,0.8553615960099751,0.0540835411471321,0.0083229426433915,0.119357855361596,0.0134724357941304,0.0024843410140558,-0.226722347510181,0.7702353292384052,0.7558288706434041,0.730489257716527,0.2806989848613739,3208
object_token_full,frame_drop,10,0.326551394589355,0.238752394815545,0.28265189470245,0.8537094763092269,0.0555798004987531,0.0082294264339152,0.1238466334164588,0.0135695267753302,0.0024801639064291,-0.2198982779551055,0.7744204566607303,0.759399139078478,0.7309012535421578,0.2792099416255951,3208
object_token_full,lowlight,10,0.3291902605622452,0.2408431520854458,0.2850167063238455,0.855860349127182,0.0549251870324189,0.0082294264339152,0.1268391521197007,0.0135930384107368,0.0024888039174073,-0.2346662610450696,0.7674543897409987,0.7523723153327766,0.7310911680534523,0.2812390923500061,3208
object_token_full,noise,10,0.3290501313446033,0.2404157078753862,0.2847329196099948,0.8560785536159601,0.0547381546134663,0.0083229426433915,0.1248129675810473,0.0135317864229104,0.0024778740475897,-0.2263988809460926,0.769327912470349,0.7547221209342938,0.7296832571830645,0.281077891588211,3208
object_token_full,occlusion,10,0.3266666040243962,0.2426794270214678,0.284673015522932,0.8458541147132169,0.0590710723192019,0.008291770573566,0.1144638403990025,0.0135204088880353,0.0023324377574676,-0.2002511643183502,0.7681466960011426,0.7554354064779686,0.7291174154897009,0.2814732193946838,3208
object_token_full,blur,5,0.3737936620813592,0.2989986493868798,0.3363961557341196,0.8853721129170231,0.0446535500427716,0.0038779583689763,0.0568577131451382,0.0149056886007663,0.0025304018992251,-0.2778652033335259,0.7029111768773113,0.6979805347550313,0.6969637828563373,0.3335924446582794,3507
object_token_full,clean,5,0.3734171361786249,0.2986007345292346,0.3360089353539298,0.8853721129170231,0.0444824636441402,0.0038779583689763,0.0571428571428571,0.0149066744041288,0.0025288332756136,-0.2779027667091502,0.7037347862242564,0.6987382443909091,0.6972971200424253,0.3331754803657532,3507
object_token_full,distractor,5,0.3739647827439328,0.2992016893132478,0.3365832360285903,0.8865126889078985,0.0447105788423153,0.0037639007698887,0.056914741944682,0.0150102642592986,0.0025319520992739,-0.2741637585325562,0.703474000175352,0.6985651347587548,0.6957274395829638,0.3340721130371094,3507
object_token_full,frame_drop,5,0.3704666654500264,0.2961741414224075,0.333320403436217,0.8837182777302538,0.0463644140290846,0.0039920159680638,0.0557171371542629,0.0148770758272591,0.002530090374453,-0.2757174004208031,0.7090365805515783,0.7037699588996446,0.7004698440560363,0.3305098116397857,3507
object_token_full,lowlight,5,0.3751393508716485,0.2995322125353251,0.3373357817034868,0.8902195608782435,0.0434559452523524,0.0042201311662389,0.0565725691474194,0.0149974385570835,0.0025400599047843,-0.278014572656957,0.6986818078477259,0.6937304180369338,0.6962906582763069,0.3344647884368896,3507
object_token_full,noise,5,0.3736319348105079,0.2985806143885207,0.3361062745995143,0.8854291417165668,0.044539492443684,0.0039349871685201,0.0566295979469632,0.0149192736552027,0.0025304772896681,-0.278282018770764,0.7031345697458157,0.6981704099925454,0.6973809210407846,0.3333122134208679,3507
object_token_full,occlusion,5,0.3566758704334293,0.2939556697232895,0.3253157700783595,0.8767037353863701,0.0503564299971485,0.0034217279726261,0.0572569147419446,0.0147974317959359,0.0023693212695974,-0.2605800206237433,0.7528942924977573,0.745398719840353,0.7073109154206377,0.3226035237312317,3507
object_token_no_geom,blur,10,0.1201653769217601,0.0996754831075041,0.1099204300146321,0.3905236907730673,0.4500935162094763,0.0084788029925187,0.0316396508728179,0.0056928709695084,0.0001901677013038,-0.3573152551355454,0.8853529150572204,0.8115048288853092,0.9345522075955246,0.0937104448676109,3208
object_token_no_geom,clean,10,0.1199357346994702,0.099563615833251,0.1097496752663606,0.389214463840399,0.4510286783042394,0.0084788029925187,0.0317643391521197,0.0056771645937109,0.000189634013057,-0.3554167949289286,0.8860489047766476,0.8124505207276999,0.9346169660389638,0.093647725880146,3208
object_token_no_geom,distractor,10,0.11935437721498,0.0995929731356953,0.1094736751753377,0.3898067331670823,0.4518391521197007,0.0084788029925187,0.0341022443890274,0.0056915839710812,0.0001909215569942,-0.3416660900947924,0.8857072627956879,0.8120911047642962,0.9349290523168872,0.0936519652605056,3208
object_token_no_geom,frame_drop,10,0.1198290524497015,0.0994973106091832,0.1096631815294423,0.3899937655860349,0.4501870324189526,0.0084788029925187,0.032574812967581,0.005678561936246,0.0001895703654039,-0.3542217715584453,0.886253848177685,0.8126556883652014,0.9347323806314712,0.0935500562191009,3208
object_token_no_geom,lowlight,10,0.1226731435061712,0.1016163779360126,0.1121447607210919,0.4017456359102244,0.4384351620947631,0.0084788029925187,0.0342581047381546,0.0058829879415811,0.0002031233542577,-0.3628261192259097,0.8751803882810243,0.7927922826381099,0.9310216955828596,0.0957521349191665,3208
object_token_no_geom,noise,10,0.1199200895880066,0.0995333716247655,0.109726730606386,0.3893703241895261,0.4511221945137157,0.0084788029925187,0.0317019950124688,0.0056770152090565,0.0001896782316025,-0.3554199376371612,0.886215328464187,0.8125244116099398,0.9346310677290232,0.0936306715011596,3208
object_token_no_geom,occlusion,10,0.1095240356280382,0.0940164127186255,0.1017702241733318,0.3628740648379052,0.4811097256857855,0.0084788029925187,0.0294576059850374,0.0055447184285827,0.0001680009122798,-0.3189658558885846,0.9030509982991992,0.8346685197436602,0.9397792407689116,0.0875592678785324,3208
object_token_no_geom,blur,5,0.1265033000247647,0.1076943856995488,0.1170988428621567,0.4205873966353008,0.4208155118334759,0.0051325919589392,0.197775876817793,0.0082528846080927,0.0002902549489937,-0.2613235402532488,0.8955221536324716,0.84086937152459,0.928504810952134,0.1030257046222686,3507
object_token_no_geom,clean,5,0.1270547344282908,0.1078335184763687,0.1174441264523298,0.4201881950384944,0.4192757342457941,0.0051325919589392,0.2072996863416025,0.0082803972311528,0.0002860795102093,-0.2588346654450457,0.8948492663077285,0.8409268968901404,0.9278487744437184,0.103650651872158,3507
object_token_no_geom,distractor,5,0.1265474784258872,0.1082186241028762,0.1173830512643817,0.4211006558311947,0.420302252637582,0.0051325919589392,0.222754491017964,0.0086513059725054,0.000285177517046,-0.2606634514172494,0.8948916692763678,0.8412036150651404,0.9282143862114371,0.1033086255192756,3507
object_token_no_geom,frame_drop,5,0.1269282910527225,0.1076626924846699,0.1172954917686962,0.4200171086398631,0.4201881950384944,0.0051325919589392,0.2107214143142287,0.0082648701097807,0.0002864859469228,-0.2568460585092326,0.8943093444025003,0.8405495559316025,0.927777462613914,0.1035023257136344,3507
object_token_no_geom,lowlight,5,0.1294086973469444,0.1092095561812068,0.1193091267640756,0.4290846877673225,0.4100370687197034,0.0051325919589392,0.1647562018819504,0.0081042564642126,0.0003122403338181,-0.2841253625617796,0.887954565524919,0.8289522587896108,0.9273254163830796,0.1036197319626808,3507
object_token_no_geom,noise,5,0.1270012213312642,0.107624439821632,0.1173128305764481,0.4212147134302823,0.4197319646421443,0.0051325919589392,0.204448246364414,0.0082542887511199,0.0002865449703076,-0.2586453786647031,0.8945222953598417,0.8405708429512218,0.9279408545017056,0.1035654246807098,3507
object_token_no_geom,occlusion,5,0.11787350157842,0.1042122758313004,0.1110428887048602,0.3989164528086684,0.4402623324779013,0.0051325919589392,0.2120901055032791,0.0078908386297408,0.0002539947871166,-0.2311329011110215,0.9071712075117344,0.85552589685991,0.9285918274850614,0.1003761813044548,3507
safeobjworld_r_det,blur,10,0.5354315632577452,0.5415934027931701,0.5385124830254576,0.911720698254364,0.0445137157107231,0.005860349127182,0.2312032418952618,0.001835361295024,0.0,,0.3929192318694847,0.3929995012030637,0.5018011870310203,0.5319647789001465,3208
safeobjworld_r_det,clean,10,0.5351130584139547,0.5409358121485943,0.5380244352812745,0.911845386533666,0.0444201995012468,0.0058915211970074,0.2308915211970074,0.0018278946494923,0.0,,0.393625883878838,0.3936805762629259,0.5020806684248639,0.5314640402793884,3208
safeobjworld_r_det,distractor,10,0.5356096077181891,0.5417145136268522,0.5386620606725205,0.9121259351620948,0.0444825436408977,0.005860349127182,0.2305486284289276,0.0018334576944168,0.0,,0.3933407082763544,0.3934155946434882,0.5014150961431374,0.5321672558784485,3208
safeobjworld_r_det,frame_drop,10,0.5230448521785548,0.5253219515128043,0.5241834018456796,0.9050498753117208,0.0456359102244389,0.0055174563591022,0.2430486284289277,0.002152388106569,0.0,,0.4098192318047668,0.4094896796784198,0.515256936766012,0.515073835849762,3208
safeobjworld_r_det,lowlight,10,0.5316488948121693,0.5350594073190966,0.5333541510656329,0.90963216957606,0.0451995012468827,0.0056421446384039,0.2247817955112219,0.0018588778567262,0.0,,0.3951057966287594,0.3951694655002204,0.5064520364560249,0.5256878733634949,3208
safeobjworld_r_det,noise,10,0.5352886374797217,0.5412771398289551,0.5382828886543383,0.911845386533666,0.0444513715710723,0.005860349127182,0.2302992518703241,0.0018334378181421,0.0,,0.3938854806292384,0.3939256888895558,0.5018887332440789,0.5317037105560303,3208
safeobjworld_r_det,occlusion,10,0.5153632270613577,0.5134572596892559,0.5144102433753068,0.9050498753117208,0.0442019950124688,0.0050187032418952,0.2157730673316708,0.001920012539899,0.0,,0.4130324767154648,0.4129671976601988,0.522504584379212,0.5071339011192322,3208
safeobjworld_r_det,blur,5,0.6398852202813446,0.6972818171429105,0.6685835187121276,0.9548331907613344,0.0260051325919589,0.0025092671799258,0.2804676361562589,0.002870560431748,0.0,,0.2315513879137226,0.2349304864506521,0.393510284833562,0.6620072722434998,3507
safeobjworld_r_det,clean,5,0.6395617628836414,0.6972452118348629,0.6684034873592523,0.9550042771599658,0.0257770173937838,0.0026233247790134,0.2837182777302537,0.0028585407487187,0.0,,0.2316099696938455,0.2349303379744113,0.3939021736909012,0.6618683934211731,3507
safeobjworld_r_det,distractor,5,0.64024963744243,0.6981487672574685,0.6691992023499493,0.9552894211576848,0.0253207869974337,0.0025662959794696,0.2809808953521528,0.0028392425176914,0.0,,0.2311617087053375,0.2345116503258393,0.3931384541255465,0.6628293991088867,3507
safeobjworld_r_det,frame_drop,5,0.6252002129002333,0.6770817168337638,0.6511409648669986,0.950955232392358,0.0275449101796407,0.0025092671799258,0.2885086968919304,0.003273615130084,0.0,,0.2511235341442457,0.2546982276667412,0.4095511709057406,0.6431861519813538,3507
safeobjworld_r_det,lowlight,5,0.6387700646993918,0.6956220151650203,0.6671960399322061,0.9516966067864272,0.0244083262047333,0.0027373823781009,0.2924436840604505,0.0030495513940054,0.0,,0.2314774368201561,0.2349761944399078,0.394577667759468,0.6601818203926086,3507
safeobjworld_r_det,noise,5,0.6396074425149839,0.6974680724548767,0.6685377574849304,0.9546621043627032,0.0258910749928714,0.0026233247790134,0.2826347305389221,0.0028691700658489,0.0,,0.231811117048375,0.2351166217320999,0.3938623481503717,0.6619768142700195,3507
safeobjworld_r_det,occlusion,5,0.6113233798992596,0.6624635634303642,0.6368934716648118,0.9446250356429996,0.0281151981750784,0.0025662959794696,0.3312802965497576,0.0032148520172399,0.0,,0.2566787139384332,0.2602405979111897,0.4236586266099908,0.6274717450141907,3507
safeobjworld_r_full,blur,10,0.5335537168088759,0.5460253255743944,0.5397895211916351,0.9152431421446384,0.0408354114713217,0.0067331670822942,0.2712281795511222,0.0025788992309335,0.000534963431278,0.1363721045309464,0.3926323471298242,0.3932679951562549,0.481473235053873,0.5530506372451782,3208
safeobjworld_r_full,clean,10,0.533460965222969,0.5457620235642494,0.5396114943936091,0.915430174563591,0.0407730673316708,0.0066708229426433,0.2738778054862842,0.0026079144590256,0.0005487443651641,0.1437348151831637,0.3933110241302082,0.3939071298611729,0.4794328707800795,0.5537999868392944,3208
safeobjworld_r_full,distractor,10,0.5342254212083408,0.5469840836666715,0.5406047524375063,0.9147755610972568,0.040928927680798,0.0067331670822942,0.2722256857855362,0.0026272446590688,0.000540155231804,0.1261915092093149,0.3916211119130662,0.3921901064397688,0.4802094889694335,0.5540878176689148,3208
safeobjworld_r_full,frame_drop,10,0.5256965229933219,0.5343680881334384,0.5300323055633802,0.9122194513715712,0.0430174563591022,0.0062967581047381,0.2783042394014962,0.0028249386884067,0.00053149316079,0.1546646722048137,0.4047355383969007,0.4049644538737889,0.4816368102759985,0.5444298982620239,3208
safeobjworld_r_full,lowlight,10,0.5334537019149782,0.5494541062475413,0.5414539040812598,0.9143079800498752,0.0405236907730673,0.006857855361596,0.2729426433915212,0.0025391533892821,0.0005473510006865,0.1180924975285868,0.3939287758564711,0.3944956663169171,0.4867165877855016,0.5543681979179382,3208
safeobjworld_r_full,noise,10,0.5334666464550818,0.545908658549134,0.5396876525021079,0.915149625935162,0.0408354114713217,0.0067019950124688,0.2729114713216957,0.0026010005969547,0.0005494837247374,0.1472295448469542,0.3931147137540683,0.3937109975074592,0.4793638576310418,0.5541411638259888,3208
safeobjworld_r_full,occlusion,10,0.5088692472559931,0.5245760739686416,0.5167226606123173,0.9076683291770572,0.0395573566084788,0.0066708229426433,0.3271197007481297,0.0028920348368935,0.0007565672465244,0.1160822273646622,0.4224995511558436,0.4221580238339312,0.515338187855735,0.5263234376907349,3208
safeobjworld_r_full,blur,5,0.6337184656048153,0.6959330333647653,0.6648257494847902,0.9576276019389792,0.0225263758197889,0.003193612774451,0.2739093242087254,0.0029295336806936,0.0004238301204554,0.2034697071402801,0.2386579623547312,0.2425077427477112,0.3880627067397366,0.6756128072738647,3507
safeobjworld_r_full,clean,5,0.6334879980058297,0.6952730218530425,0.6643805099294362,0.9575135443398916,0.0226404334188765,0.0030795551753635,0.276475620188195,0.0029501878377922,0.0004306784171068,0.2161708388431686,0.2392141919751979,0.2430435785582373,0.3867594030434602,0.675437331199646,3507
safeobjworld_r_full,distractor,5,0.6339778234529887,0.6964127743452767,0.6651952988991326,0.9575135443398916,0.0224123182207014,0.003193612774451,0.2755631593954947,0.0029537497040013,0.0004258604106788,0.1960968443070067,0.2376431084508599,0.2415758489032807,0.3872927448720298,0.6755295395851135,3507
safeobjworld_r_full,frame_drop,5,0.6232608249289786,0.6804191407999693,0.651839982864474,0.9555175363558596,0.0252067293983461,0.0030795551753635,0.2907898488736812,0.0034561859266612,0.0004236623912514,0.211958768215843,0.2535406267945502,0.2575404452162656,0.3943887098773387,0.6616021394729614,3507
safeobjworld_r_full,lowlight,5,0.6346191118020398,0.6975852413706671,0.6661021765863534,0.9578557171371542,0.0218420302252637,0.0034787567721699,0.2666096378671229,0.0027915417657325,0.000393969301556,0.1514012745259073,0.2375392737332864,0.2413677605122353,0.4005515918629256,0.6714035868644714,3507
safeobjworld_r_full,noise,5,0.6334943027097947,0.6953996967738822,0.6644469997418385,0.9576276019389792,0.0226404334188765,0.0031365839749073,0.2761334473909324,0.0029539358213908,0.0004291224214539,0.2163633191733603,0.239108569641755,0.2429350008609664,0.3870683160593018,0.6756778955459595,3507
safeobjworld_r_full,occlusion,5,0.6018653670150012,0.6609181135558171,0.6313917402854091,0.9503279155973768,0.0232107214143142,0.002965497576276,0.3341317365269461,0.0032394306386687,0.0007995647380655,0.2304458912451575,0.2681236478382955,0.2716498140123518,0.4240653073427811,0.6415812969207764,3507
safeobjworld_r_image_only,blur,10,0.0953929248195351,0.1333063463218841,0.1143496355707096,0.3464152119700748,0.4229114713216957,0.0084788029925187,0.6544264339152119,0.0181005953278725,0.0022093382448032,-0.0030787231135469,0.8929674303070863,0.8144044420962916,0.9061458596956588,0.1146419867873191,3208
safeobjworld_r_image_only,clean,10,0.1012003106332283,0.1393968793515157,0.120298594992372,0.360006234413965,0.410785536159601,0.0084788029925187,0.6347256857855361,0.017227997685075,0.0022173044891874,0.0198019754114488,0.8981460563819902,0.8276720554008151,0.8952839850495817,0.1216115057468414,3208
safeobjworld_r_image_only,distractor,10,0.0929117344951629,0.1319972920105937,0.1124545132528783,0.3431733167082294,0.4199812967581047,0.0084476309226932,0.6374376558603492,0.0176030697793272,0.0023322912634459,-0.128654788786293,0.9093287608235554,0.8404985943934566,0.9175840349329536,0.1111693829298019,3208
safeobjworld_r_image_only,frame_drop,10,0.0982114235029811,0.1364976761189322,0.1173545498109566,0.3516209476309227,0.4257793017456359,0.0084788029925187,0.6217581047381546,0.0175635321971677,0.0021524556445659,0.0146634262094395,0.8988630793505625,0.8279526650162409,0.8992883017118422,0.1182247325778007,3208
safeobjworld_r_image_only,lowlight,10,0.1011605030210405,0.1392029789671826,0.1201817409941116,0.360504987531172,0.4110660847880299,0.0084788029925187,0.6357231920199501,0.0171711264845143,0.0022234709408515,0.0205130301637364,0.8983321039475258,0.8279686907877648,0.8952556193163062,0.1214917227625846,3208
safeobjworld_r_image_only,noise,10,0.0987688042928842,0.1366720446868356,0.1177204244898599,0.3527743142144638,0.4223192019950125,0.0084788029925187,0.6229738154613467,0.0174624251412273,0.002223852601952,0.0078494399432922,0.8995067321358625,0.8295346841624848,0.8992931085394719,0.118317998945713,3208
safeobjworld_r_image_only,occlusion,10,0.200341847809881,0.2012805953665155,0.2008112215881982,0.6709788029925187,0.1520573566084788,0.0084164588528678,0.6582605985037406,0.0126049543221318,0.0024606471625795,0.0948422368200606,0.8715256770984491,0.8038853360604764,0.7848560946132659,0.2065572589635849,3208
safeobjworld_r_image_only,blur,5,0.1414946995251601,0.1834314131514167,0.1624630563382884,0.5316224693470203,0.1778728257770174,0.0051325919589392,0.9478756772169946,0.0193592343113221,0.0036008867029114,0.0522744360720579,0.8566586237943576,0.7604107895365189,0.8547570308054607,0.165009394288063,3507
safeobjworld_r_image_only,clean,5,0.1409263623150716,0.1846959042396522,0.1628111332773619,0.5236954662104363,0.1850584545195323,0.0051325919589392,0.9393783860849728,0.0205276425392218,0.0036854203725629,0.0861697483872585,0.8661407230347012,0.7783854347095213,0.85383307914933,0.1669648438692093,3507
safeobjworld_r_image_only,distractor,5,0.1347556011622608,0.1743451324417303,0.1545503668019955,0.511149130310807,0.2022811519817507,0.0051325919589392,0.9482178500142572,0.0203667179425152,0.0035287065182379,0.0869826438799656,0.881408783384698,0.7960273860423422,0.862889593263692,0.1596020013093948,3507
safeobjworld_r_image_only,frame_drop,5,0.1394030494961163,0.1851506305722954,0.1622768400342059,0.5216424294268606,0.1877958368976333,0.0051325919589392,0.9387510692899914,0.0210981320840599,0.0036403915397387,0.0917714684560978,0.86664485991562,0.7785538431243201,0.8556905064254107,0.1670438945293426,3507
safeobjworld_r_image_only,lowlight,5,0.1408024795646052,0.1844704658887027,0.1626364727266539,0.5228970630168235,0.18562874251497,0.0051325919589392,0.939093242087254,0.0204951564354713,0.0036971561719047,0.0873219617151051,0.8664958476510387,0.7787756469129394,0.8538566189820718,0.166866734623909,3507
safeobjworld_r_image_only,noise,5,0.1387419522681513,0.1823445518824588,0.160543252075305,0.5169090390647277,0.1903621328771029,0.0051325919589392,0.940575990875392,0.0212188953890254,0.0037067939081455,0.0778880917225957,0.8692215006678472,0.7813111222432759,0.8570957437596429,0.1640100330114364,3507
safeobjworld_r_image_only,occlusion,5,0.214860518951939,0.2097371262824705,0.2122988226172047,0.7071571143427431,0.0736241802110065,0.0051325919589392,0.8940975192472198,0.0148310033572662,0.0036023483950764,0.149161199560159,0.8501939421948252,0.7708756171232756,0.7646865773057879,0.2185488790273666,3507
safeobjworld_r_mask_only,blur,10,0.5341091802697894,0.5415609318122804,0.5378350560410348,0.9096945137157108,0.0444201995012468,0.0063279301745635,0.2795822942643391,0.0029050688710436,0.000423976777126,0.0294231701537861,0.385098099037819,0.386335689074678,0.5133385806704308,0.5396950840950012,3208
safeobjworld_r_mask_only,clean,10,0.5341091802697894,0.5415609318122804,0.5378350560410348,0.9096945137157108,0.0444201995012468,0.0063279301745635,0.2795822942643391,0.0029050688710436,0.000423976777126,0.0294231701537861,0.385098099037819,0.386335689074678,0.5133385806704308,0.5396950840950012,3208
safeobjworld_r_mask_only,distractor,10,0.5341091802697894,0.5415609318122804,0.5378350560410348,0.9096945137157108,0.0444201995012468,0.0063279301745635,0.2795822942643391,0.0029050688710436,0.000423976777126,0.0294231701537861,0.385098099037819,0.386335689074678,0.5133385806704308,0.5396950840950012,3208
safeobjworld_r_mask_only,frame_drop,10,0.5226256267496644,0.5275387312755059,0.5250821790125851,0.9015586034912718,0.0509039900249376,0.0055486284289276,0.3028678304239401,0.0033499081260152,0.0003956946816081,0.0218331317285576,0.4032090162844431,0.404062981788357,0.5313930763885765,0.5239967703819275,3208
safeobjworld_r_mask_only,lowlight,10,0.5341091802697894,0.5415609318122804,0.5378350560410348,0.9096945137157108,0.0444201995012468,0.0063279301745635,0.2795822942643391,0.0029050688710436,0.000423976777126,0.0294231701537861,0.385098099037819,0.386335689074678,0.5133385806704308,0.5396950840950012,3208
safeobjworld_r_mask_only,noise,10,0.5341091802697894,0.5415609318122804,0.5378350560410348,0.9096945137157108,0.0444201995012468,0.0063279301745635,0.2795822942643391,0.0029050688710436,0.000423976777126,0.0294231701537861,0.385098099037819,0.386335689074678,0.5133385806704308,0.5396950840950012,3208
safeobjworld_r_mask_only,occlusion,10,0.4788442189692607,0.5114223801014892,0.4951332995353749,0.8986596009975062,0.0492830423940149,0.0061097256857855,0.4680174563591022,0.0037648673861418,0.0004821627941958,-0.0473366922475067,0.4542004272620428,0.454039840314751,0.5740816467661924,0.4935064613819122,3208
safeobjworld_r_mask_only,blur,5,0.6271157458165862,0.6871002661385514,0.6571080059775688,0.9560878243512974,0.0226974622184203,0.0037639007698887,0.2226974622184203,0.0030563408690167,0.0004367621562947,0.1744207129992674,0.236957608232615,0.242420361148757,0.4081176114365382,0.6645989418029785,3507
safeobjworld_r_mask_only,clean,5,0.6271157458165862,0.6871002661385514,0.6571080059775688,0.9560878243512974,0.0226974622184203,0.0037639007698887,0.2226974622184203,0.0030563408690167,0.0004367621562947,0.1744207129992674,0.236957608232615,0.242420361148757,0.4081176114365382,0.6645989418029785,3507
safeobjworld_r_mask_only,distractor,5,0.6271157458165862,0.6871002661385514,0.6571080059775688,0.9560878243512974,0.0226974622184203,0.0037639007698887,0.2226974622184203,0.0030563408690167,0.0004367621562947,0.1744207129992674,0.236957608232615,0.242420361148757,0.4081176114365382,0.6645989418029785,3507
safeobjworld_r_mask_only,frame_drop,5,0.6187963490475231,0.6747145707661796,0.6467554599068512,0.95295124037639,0.0245794126033647,0.0035357855717137,0.2338180781294553,0.0034256517451869,0.0004030236125094,0.1647837278169299,0.2514321458417872,0.2569893573742495,0.4180557766341801,0.6515166759490967,3507
safeobjworld_r_mask_only,lowlight,5,0.6271157458165862,0.6871002661385514,0.6571080059775688,0.9560878243512974,0.0226974622184203,0.0037639007698887,0.2226974622184203,0.0030563408690167,0.0004367621562947,0.1744207129992674,0.236957608232615,0.242420361148757,0.4081176114365382,0.6645989418029785,3507
safeobjworld_r_mask_only,noise,5,0.6271157458165862,0.6871002661385514,0.6571080059775688,0.9560878243512974,0.0226974622184203,0.0037639007698887,0.2226974622184203,0.0030563408690167,0.0004367621562947,0.1744207129992674,0.236957608232615,0.242420361148757,0.4081176114365382,0.6645989418029785,3507
safeobjworld_r_mask_only,occlusion,5,0.5641125307783076,0.6456619725587223,0.604887251668515,0.946506986027944,0.0248075278015397,0.003193612774451,0.4427145708582834,0.0041051639323136,0.000482786364592,0.1028996091763082,0.3073889908472424,0.3114514616707094,0.4745093123903544,0.6146947145462036,3507
safeobjworld_r_no_area,blur,10,0.5321191773388495,0.5470648394507855,0.5395920083948176,0.9174251870324188,0.0380610972568578,0.0066396508728179,0.2783354114713217,0.0025108063492752,0.0006040996353971,0.1536117260524307,0.3971896491666089,0.39778688377573,0.4760160603883171,0.5546208024024963,3208
safeobjworld_r_no_area,clean,10,0.5319994008471293,0.54658851007327,0.5392939554601996,0.9174251870324188,0.0379052369077306,0.006577306733167,0.2797693266832918,0.0025343017384786,0.0006234118728863,0.1553821343393303,0.3970392163777886,0.3975984766150353,0.4742112646010464,0.5552418828010559,3208
safeobjworld_r_no_area,distractor,10,0.532823032700417,0.5478811065823641,0.5403520696413904,0.9177369077306732,0.0382481296758104,0.0066708229426433,0.2775561097256858,0.0025292768052414,0.0006067474342492,0.1466072853021076,0.3958126609164877,0.3963969062540002,0.4755985257392701,0.5551018118858337,3208
safeobjworld_r_no_area,frame_drop,10,0.5239502444452314,0.5342348689290921,0.5290925566871618,0.9143079800498752,0.0405236907730673,0.0069201995012468,0.2842581047381546,0.0028431150529117,0.0006056409951605,0.1685632757902926,0.4090672434899872,0.4092340989526073,0.4782071955701742,0.5459607839584351,3208
safeobjworld_r_no_area,lowlight,10,0.5326354312282854,0.5511867336336213,0.5419110824309533,0.9168640897755612,0.0373753117206982,0.006857855361596,0.28428927680798,0.0024765774545775,0.0005625341654269,0.1368894416361537,0.3976566283835883,0.3982106407532965,0.4838695649437136,0.5551795363426208,3208
safeobjworld_r_no_area,noise,10,0.5320425249817465,0.5467584652417954,0.5394004951117709,0.917581047381546,0.0379052369077306,0.0066084788029925,0.2793017456359102,0.0025415575585934,0.0006230657014466,0.1576182804593762,0.3971829246032862,0.39774132486888,0.4744429989892497,0.5555482506752014,3208
safeobjworld_r_no_area,occlusion,10,0.5118407564542492,0.5238875438277346,0.5178641501409919,0.9099127182044888,0.0371259351620947,0.0067643391521197,0.297786783042394,0.0027924009925445,0.0009212751805485,0.1407250058564188,0.4208834827800938,0.4205888528330367,0.5073400242933567,0.5267341136932373,3208
safeobjworld_r_no_area,blur,5,0.6331840601536716,0.6946513195398617,0.6639176898467666,0.9578557171371542,0.0222412318220701,0.0032506415739948,0.2818933561448531,0.0030988497140881,0.0004345425146748,0.2080150287850147,0.2384812495495676,0.2423481440455749,0.389207504710683,0.6744062304496765,3507
safeobjworld_r_no_area,clean,5,0.6328747856695839,0.6941599779734614,0.6635173818215226,0.9572854291417164,0.0226974622184203,0.003193612774451,0.2813800969489592,0.0031034317641934,0.0004433841082592,0.2235007982917159,0.2391514733947849,0.2430021605261853,0.3878276456288699,0.6755317449569702,3507
safeobjworld_r_no_area,distractor,5,0.6333564759862269,0.6951608281854615,0.6642586520858441,0.9572284003421728,0.0224123182207014,0.003193612774451,0.2814941545480467,0.003095748042749,0.0004391831654172,0.2009491288175064,0.2379158218803655,0.2418339622574788,0.388135138072661,0.675541341304779,3507
safeobjworld_r_no_area,frame_drop,5,0.6224127144886684,0.6783348952802953,0.6503738048844819,0.9550613059595096,0.024978614200171,0.003193612774451,0.299743370402053,0.0036770471916389,0.0004365008816203,0.2184264429647115,0.2542511286509828,0.2582194473249197,0.3958843395766594,0.6610239148139954,3507
safeobjworld_r_no_area,lowlight,5,0.6337522791893706,0.6956003293641078,0.6646763042767391,0.957399486740804,0.022013116623895,0.0034787567721699,0.271285999429712,0.0028850288375492,0.000397568439737,0.1621349096738462,0.2375010136562703,0.2413715706953881,0.4014104577771971,0.6709609031677246,3507
safeobjworld_r_no_area,noise,5,0.6329197964380535,0.6943528809211938,0.6636363386796238,0.9576276019389792,0.0229255774165953,0.003193612774451,0.2811519817507841,0.0031016458368426,0.0004415405384658,0.2254267663124311,0.2392181185259246,0.2430522829914555,0.3877677132128213,0.6757020950317383,3507
safeobjworld_r_no_area,occlusion,5,0.601835969142138,0.6591146460912672,0.6304753076167027,0.9481037924151696,0.0229826062161391,0.0030795551753635,0.3335044197319646,0.0034044478981861,0.0008530739776626,0.2215404272763062,0.2683264670189813,0.2718366474856465,0.423556642812228,0.6415815353393555,3507
safeobjworld_r_no_split,blur,10,0.5351111084399521,0.5513742141791623,0.5432426613095573,0.9166147132169576,0.0388715710723192,0.0069825436408977,0.2679551122194514,0.0026462449691376,0.00050218594156,0.1565929702172484,0.3926851728164644,0.3932807764061669,0.4847456557818684,0.5557119846343994,3208
safeobjworld_r_no_split,clean,10,0.5348631904565941,0.5509940515337184,0.5429286209951563,0.9160536159600996,0.0391209476309226,0.0069513715710723,0.2700436408977556,0.0026595998900304,0.0005144779837488,0.1657229623259087,0.3924691064176416,0.3930240888325056,0.4834206668283988,0.5564733743667603,3208
safeobjworld_r_no_split,distractor,10,0.5357312099996036,0.5526209614454903,0.5441760857225468,0.9162718204488778,0.0393391521197007,0.0069513715710723,0.267643391521197,0.0026282328475797,0.0005044246236433,0.1566071691421125,0.3923976193361003,0.3929024393496073,0.4841687866478565,0.556363046169281,3208
safeobjworld_r_no_split,frame_drop,10,0.5280878879554584,0.5408940184840161,0.5344909532197372,0.911502493765586,0.0405236907730673,0.0070137157107231,0.2723192019950124,0.0029329724418276,0.0004903090695044,0.1679326251946276,0.4013432576583508,0.4016478354348209,0.4870775916810778,0.5469936728477478,3208
safeobjworld_r_no_split,lowlight,10,0.5355424075317786,0.554396777423429,0.5449695924776038,0.916427680798005,0.0384039900249376,0.0073877805486284,0.2642456359102244,0.0026202794775406,0.0004802416016038,0.1364653346432789,0.3928980196967832,0.3933934350635048,0.4903573800595336,0.5561833381652832,3208
safeobjworld_r_no_split,noise,10,0.534920434091039,0.5511618901762956,0.5430411621336672,0.9160536159600996,0.0391209476309226,0.0069201995012468,0.2702930174563591,0.0026791308905526,0.0005143612753274,0.1650468002576789,0.3924514478355869,0.3930085718111504,0.4830724413394678,0.5564444661140442,3208
safeobjworld_r_no_split,occlusion,10,0.5113522774376372,0.5283725607221298,0.5198624190798835,0.9098815461346632,0.0392456359102244,0.0067643391521197,0.3131546134663341,0.0028939521153384,0.0007420675954467,0.1150072940856852,0.4199984812193975,0.4198566990748902,0.5200694464828789,0.5294522643089294,3208
safeobjworld_r_no_split,blur,5,0.6357327449793432,0.7043912161777008,0.6700619805785218,0.9587111491303107,0.0195608782435129,0.0039920159680638,0.2811519817507841,0.0028925986051959,0.0004366491335152,0.2205510333682073,0.2401083815835431,0.2437491595456156,0.3790312713479932,0.682436466217041,3507
safeobjworld_r_no_split,clean,5,0.635650896248578,0.7043201456317089,0.6699855209401435,0.9584830339321356,0.0197319646421442,0.0039920159680638,0.282406615340747,0.0028983871523371,0.0004423730455642,0.2267094265694398,0.2406191996437618,0.2442255521860767,0.3774231132708879,0.6832695603370667,3507
safeobjworld_r_no_split,distractor,5,0.6360415926313584,0.704901736006908,0.6704716643191332,0.9584830339321356,0.019788993441688,0.0039920159680638,0.282178500142572,0.0028926179692192,0.0004413522136221,0.21138389095061,0.2389062351945257,0.2425929297944029,0.3774049011542852,0.683447003364563,3507
safeobjworld_r_no_split,frame_drop,5,0.6217188929753764,0.6845233958452366,0.6531211444103066,0.9552894211576848,0.0213287710293698,0.0039920159680638,0.2975762760193898,0.0034036717274215,0.0004337058027891,0.2307898524867569,0.2586205804181432,0.2623806945408107,0.3885479851919453,0.6675667762756348,3507
safeobjworld_r_no_split,lowlight,5,0.6357938781838336,0.7040275755393594,0.6699107268615965,0.9585400627316796,0.0191616766467065,0.0041060735671514,0.2818933561448531,0.0028625586870058,0.0004131923076737,0.1909316702792428,0.2390297343698974,0.2427682185601331,0.3888667939861406,0.6796473264694214,3507
safeobjworld_r_no_split,noise,5,0.6356927218339258,0.7043670776275164,0.670029899730721,0.9584830339321356,0.0199030510407755,0.0039920159680638,0.2822355289421158,0.0028925366322238,0.0004420479954495,0.228386561341107,0.2403964333021644,0.2439992140799055,0.3775619413239067,0.6835671663284302,3507
safeobjworld_r_no_split,occlusion,5,0.602081887237059,0.6673228168970823,0.6347023520670706,0.9518106643855146,0.0211006558311947,0.0035357855717137,0.3561448531508411,0.0032349749993749,0.0007486186647537,0.1851849792691118,0.26871599877088,0.2722375477893352,0.4201210690874837,0.6450920701026917,3507
safeobjworld_r_no_stress,blur,10,0.5373451718910671,0.5546338112635114,0.5459894915772894,0.9128428927680798,0.0428304239401496,0.0062344139650872,0.2993142144638404,0.0027919522970882,0.0005490832643913,0.1611347963106406,0.386009681756211,0.3864441320634542,0.4725982125835635,0.5604273080825806,3208
safeobjworld_r_no_stress,clean,10,0.5372489131133138,0.5547376783436452,0.5459932957284795,0.9122506234413964,0.0432044887780548,0.0062032418952618,0.3002493765586035,0.002794566879734,0.0005638692555879,0.165687846542658,0.3867514239972517,0.3871121039117066,0.4711375556054146,0.5614064931869507,3208
safeobjworld_r_no_stress,distractor,10,0.5377993565243281,0.5555611126375186,0.5466802345809234,0.9124376558603492,0.0434538653366583,0.00607855361596,0.2996882793017456,0.0027776103554209,0.0005578437796851,0.153321435512467,0.3853779181875196,0.3858338808403942,0.4717343175280737,0.5621864795684814,3208
safeobjworld_r_no_stress,frame_drop,10,0.5057003618069638,0.5103060516117376,0.5080032067093507,0.8965087281795511,0.0526184538653366,0.0061720698254364,0.3460411471321696,0.0039649768478545,0.0005484362455674,0.1393801709213882,0.4277255523104471,0.427236408820176,0.5055211147737186,0.5210584998130798,3208
safeobjworld_r_no_stress,lowlight,10,0.5378288120029132,0.5555522126089776,0.5466905123059453,0.9115648379052368,0.0438279301745635,0.00607855361596,0.2995947630922693,0.0028063729494581,0.000516415311214,0.1433041859979818,0.3857194917624876,0.3861908381939529,0.4778544627025592,0.560205340385437,3208
safeobjworld_r_no_stress,noise,10,0.5372811503970363,0.554790228907952,0.546035689652494,0.9123441396508728,0.0432668329177057,0.0062032418952618,0.3006546134663341,0.0027967200293952,0.0005638906597496,0.1661220504736986,0.3864708634218818,0.3868336483353094,0.4709370865782111,0.5615800023078918,3208
safeobjworld_r_no_stress,occlusion,10,0.4089774357012907,0.5044789864575796,0.4567282110794351,0.8907107231920199,0.0488466334164588,0.0055798004987531,0.6193266832917705,0.0036301698112006,0.000690908538656,0.149398363404341,0.6081416967355104,0.6028164536355439,0.5995406799826883,0.4730828106403351,3208
safeobjworld_r_no_stress,blur,5,0.6422752867769222,0.7116866720971061,0.6769809794370142,0.9614485315084116,0.0192187054462503,0.0039920159680638,0.2743085258055318,0.0028118656459172,0.0003991018580275,0.2054657227229883,0.2316406603922761,0.2349198284671284,0.3748499258619229,0.6879943609237671,3507
safeobjworld_r_no_stress,clean,5,0.6421965495696809,0.7114184232624868,0.6768074864160838,0.9609923011120616,0.0193897918448816,0.0039349871685201,0.2753350441973196,0.0028138151550872,0.0004040715869145,0.2059721053074849,0.2316927069675422,0.2349671188704744,0.3730762776432198,0.688389003276825,3507
safeobjworld_r_no_stress,distractor,5,0.6423443710957347,0.711819593391194,0.6770819822434643,0.9613344739093242,0.0191616766467065,0.0039349871685201,0.2753350441973196,0.0028163559922452,0.0004000543018403,0.2037155048132731,0.230838791050053,0.2341007397866228,0.3724381342694657,0.6890832781791687,3507
safeobjworld_r_no_stress,frame_drop,5,0.6028759422956725,0.6553156800236571,0.6290958111596647,0.9523809523809524,0.0239520958083832,0.0038779583689763,0.3177074422583404,0.0041547386661974,0.0004168618802912,0.1976448111285574,0.2781080969997305,0.2816247264986062,0.4066425814752015,0.6432192921638489,3507
safeobjworld_r_no_stress,lowlight,5,0.6425797718002173,0.7124489622703774,0.6775143670352973,0.9614485315084116,0.0189335614485315,0.0039920159680638,0.2769888793840889,0.002821098829356,0.0003844927612926,0.2050174630673355,0.2317591240544043,0.2350437036769356,0.3814564073477328,0.6863772869110107,3507
safeobjworld_r_no_stress,noise,5,0.6422403476871581,0.7115449710529946,0.6768926593700765,0.9613344739093242,0.0191616766467065,0.0039349871685201,0.2757912745936698,0.0028210081986235,0.0004045502596306,0.2024909982773385,0.2318622806930868,0.2351315739014089,0.3724623965701655,0.6888583302497864,3507
safeobjworld_r_no_stress,occlusion,5,0.4847935294518051,0.6405145230877352,0.5626540262697701,0.9469632164242944,0.0230966638152266,0.0035357855717137,0.6455089820359281,0.0036998932048965,0.0005121022573318,0.1968989850293626,0.4481031175451058,0.4471220411192429,0.5210032951634095,0.578277051448822,3507
safeobjworld_r_no_temporal,blur,10,0.5327547060677541,0.5470750757689198,0.539914890918337,0.9153366583541148,0.0408042394014962,0.0067955112219451,0.2718827930174564,0.0025588029366416,0.0005628453321439,0.1553459034975218,0.3940199871480167,0.394548100158758,0.4792546479172682,0.5548389554023743,3208
safeobjworld_r_no_temporal,clean,10,0.5325345519613047,0.5465792269796037,0.5395568894704542,0.914993765586035,0.0410847880299251,0.0067643391521197,0.2739401496259351,0.0025969669829973,0.0005777509543961,0.1646272130211553,0.394951831413772,0.3954090201275009,0.4777620493601444,0.5558775067329407,3208
safeobjworld_r_no_temporal,distractor,10,0.5333514834676369,0.5477689820624405,0.5405602327650387,0.9150872817955112,0.0408042394014962,0.0067643391521197,0.2696695760598503,0.002598788774565,0.0005672295603371,0.1493936726076325,0.3934996237202623,0.3939559031231445,0.4776841973653947,0.5556319355964661,3208
safeobjworld_r_no_temporal,frame_drop,10,0.5242646104593868,0.5347513846673297,0.5295079975633583,0.9119700748129675,0.0423940149625935,0.0064837905236907,0.2754675810473815,0.0028181641786148,0.0005569725912853,0.1779665320685717,0.4051668053051629,0.4053599648567804,0.478998423788061,0.5459989905357361,3208
safeobjworld_r_no_temporal,lowlight,10,0.5326024935181486,0.5506900856313457,0.5416462895747473,0.9141832917705736,0.0395885286783042,0.0069825436408977,0.2738778054862842,0.0025142789426129,0.0005656614639515,0.1247185887474143,0.3954556674991462,0.3958952766329867,0.4862280467055072,0.5553770661354065,3208
safeobjworld_r_no_temporal,noise,10,0.5325945476384947,0.5467689782301569,0.5396817629343258,0.9152431421446384,0.0409912718204488,0.0067643391521197,0.2733790523690773,0.0025881283323164,0.000578286927983,0.1666375007062449,0.3949740638199292,0.3954390539938672,0.4778686803977701,0.5561574697494507,3208
safeobjworld_r_no_temporal,occlusion,10,0.5077592037796221,0.5243158001632195,0.5160375019714207,0.9079488778054864,0.0396197007481296,0.0068266832917705,0.3270885286783042,0.0029325971927261,0.0008071670229744,0.1352783905294815,0.4232687296694205,0.4228393609461344,0.5146023476813794,0.5263591408729553,3208
safeobjworld_r_no_temporal,blur,5,0.633692936275083,0.6950434150450933,0.6643681756600882,0.9581978899344168,0.0224693470202452,0.0031365839749073,0.2732249786142002,0.0030185833762071,0.0004388198575165,0.1960136383387629,0.2379444085263376,0.2418511136155336,0.3885778950348563,0.673972487449646,3507
safeobjworld_r_no_temporal,clean,5,0.6333533377750239,0.6943492292661254,0.6638512835205747,0.9577416595380668,0.0225263758197889,0.0030795551753635,0.2731679498146564,0.0030377506813495,0.0004464967148168,0.2034991113194821,0.2392435840095996,0.2431197990948296,0.3871531963651697,0.6741558909416199,3507
safeobjworld_r_no_temporal,distractor,5,0.6338415032112473,0.6953228754981045,0.6645821893546758,0.9578557171371542,0.0224123182207014,0.0030795551753635,0.2726546906187624,0.0030021141394023,0.000443229965583,0.1849622475863391,0.2382376420657656,0.2422026591794525,0.3876716843786358,0.674132227897644,3507
safeobjworld_r_no_temporal,frame_drop,5,0.6227504346522352,0.6787318203418413,0.6507411274970383,0.9552894211576848,0.0253778157969774,0.0030795551753635,0.2903336184773311,0.003589820209857,0.000438589342034,0.2008116436357549,0.2542330006775368,0.2582506859645838,0.3955545097078867,0.6602627635002136,3507
safeobjworld_r_no_temporal,lowlight,5,0.6345894449680449,0.6965844321404429,0.6655869385542438,0.9583119475335043,0.0215568862275449,0.0033076703735386,0.2642144282862845,0.0028831436367023,0.0004018821810125,0.1506868219280127,0.2366396788929411,0.2405276104769612,0.4009676262179536,0.6705335378646851,3507
safeobjworld_r_no_temporal,noise,5,0.6334353091025048,0.694628388466486,0.6640318487844955,0.957684630738523,0.0226404334188765,0.0030795551753635,0.2741374394069005,0.0030282155523678,0.0004447137252333,0.2047852644811844,0.2394245732500235,0.2432821921959608,0.387090814310098,0.6744502186775208,3507
safeobjworld_r_no_temporal,occlusion,5,0.6023069189140836,0.6597601955844852,0.6310335572492843,0.9493013972055888,0.0232107214143142,0.0030225263758197,0.3262617621899059,0.0033435636459635,0.0008516593539616,0.2337038392314475,0.2679663152751808,0.2715028510598127,0.4237202817216141,0.6417407393455505,3507
